start,Strategy,XIRR,Worst wealth drop
2010-02,Equity SIP,0.18182929272064546,-0.04818532671149356
2010-02,Equal-weight SIP,0.10432021904308687,-0.009059318917652881
2010-02,60/20/20 annual rebal,0.13922107126132044,-0.01603122963031489
2010-02,Risk-parity SIP,0.09226232447832462,0.0
2010-02,Max-Sharpe SIP,0.08974822360837734,0.0
2010-02,Optimized SIP,0.09101413395228951,0.0
2010-03,Equity SIP,0.18254224626018603,-0.04571981974860795
2010-03,Equal-weight SIP,0.09725412940841699,-0.00758389363905132
2010-03,60/20/20 annual rebal,0.13287790616963385,-0.014912138927889229
2010-03,Risk-parity SIP,0.0874912553496345,0.0
2010-03,Max-Sharpe SIP,0.08458530597314275,0.0
2010-03,Optimized SIP,0.08604631542984673,0.0
2010-04,Equity SIP,0.15967991232818812,-0.042985625116330195
2010-04,Equal-weight SIP,0.08587545686200929,-0.00698320194466906
2010-04,60/20/20 annual rebal,0.11755949083243321,-0.016842754010843564
2010-04,Risk-parity SIP,0.08301940509120903,0.0
2010-04,Max-Sharpe SIP,0.08036453077672039,0.0
2010-04,Optimized SIP,0.08169798285601095,0.0
2010-05,Equity SIP,0.14174147423811076,-0.0581095524411247
2010-05,Equal-weight SIP,0.08013673678463189,-0.006714533224727037
2010-05,60/20/20 annual rebal,0.10614861441514117,-0.02212978208941896
2010-05,Risk-parity SIP,0.0814042821877865,0.0
2010-05,Max-Sharpe SIP,0.07897068455010364,0.0
2010-05,Optimized SIP,0.08019679870933208,0.0
2010-06,Equity SIP,0.1513818038087229,-0.05769212581353578
2010-06,Equal-weight SIP,0.08395896499383766,-0.006437986378011518
2010-06,60/20/20 annual rebal,0.1105031120643575,-0.024050411094341362
2010-06,Risk-parity SIP,0.08256359151137453,0.0
2010-06,Max-Sharpe SIP,0.08006007822403176,0.0
2010-06,Optimized SIP,0.08132501911316747,0.0
2010-07,Equity SIP,0.14510169849248328,-0.05724133474448356
2010-07,Equal-weight SIP,0.07903656925113803,-0.006141377788030589
2010-07,60/20/20 annual rebal,0.10583369277125486,-0.021786803177119896
2010-07,Risk-parity SIP,0.07996220452535226,0.0
2010-07,Max-Sharpe SIP,0.07744603133639794,0.0
2010-07,Optimized SIP,0.07872109844674671,0.0
2010-08,Equity SIP,0.15021983056079286,-0.05679183303817459
2010-08,Equal-weight SIP,0.07391490932581055,-0.005847344692800349
2010-08,60/20/20 annual rebal,0.10305947749790621,-0.020912773874346757
2010-08,Risk-parity SIP,0.07581903037310016,0.0
2010-08,Max-Sharpe SIP,0.07302887537560268,0.0
2010-08,Optimized SIP,0.07444461491533878,0.0
2010-09,Equity SIP,0.11989691613678422,-0.056328645375042896
2010-09,Equal-weight SIP,0.06921642350375626,-0.005540513310721917
2010-09,60/20/20 annual rebal,0.09150585474791391,-0.01995050246627561
2010-09,Risk-parity SIP,0.07645737113162054,0.0
2010-09,Max-Sharpe SIP,0.07419954338143034,0.0
2010-09,Optimized SIP,0.07535002181494073,0.0
2010-10,Equity SIP,0.11633827464150061,-0.05584928657957433
2010-10,Equal-weight SIP,0.06415502110385125,-0.00522593988347575
2010-10,60/20/20 annual rebal,0.08826572913380225,-0.019244667957799222
2010-10,Risk-parity SIP,0.07327715984601943,0.0
2010-10,Max-Sharpe SIP,0.07094338944504544,0.0
2010-10,Optimized SIP,0.07212533815308339,0.0
2010-11,Equity SIP,0.12061354117426795,-0.05540258427321232
2010-11,Equal-weight SIP,0.06748587085529589,-0.004933863933809124
2010-11,60/20/20 annual rebal,0.09015271638347931,-0.01808354262744083
2010-11,Risk-parity SIP,0.07460405873283632,0.0
2010-11,Max-Sharpe SIP,0.07230555530097982,0.0
2010-11,Optimized SIP,0.07346014987118028,0.0
2010-12,Equity SIP,0.11234285368742558,-0.054937732319872534
2010-12,Equal-weight SIP,0.058152129370135495,-0.0046299079290086365
2010-12,60/20/20 annual rebal,0.08032032112305657,-0.016267927362899393
2010-12,Risk-parity SIP,0.06926846488577275,0.0
2010-12,Max-Sharpe SIP,0.06684671609387309,0.0
2010-12,Optimized SIP,0.06805287063016771,0.0
2011-01,Equity SIP,0.11109054779385953,-0.05444158045392755
2011-01,Equal-weight SIP,0.05647987667728531,-0.004306249492362801
2011-01,60/20/20 annual rebal,0.07994795759415324,-0.015306176105426728
2011-01,Risk-parity SIP,0.06800327830087644,0.0
2011-01,Max-Sharpe SIP,0.06555936941231623,0.0
2011-01,Optimized SIP,0.06677077384025303,0.0
2011-02,Equity SIP,0.08978365388932277,-0.05394829643235377
2011-02,Equal-weight SIP,0.05652771350280824,-0.003983601278770066
2011-02,60/20/20 annual rebal,0.07156131803947723,-0.015520116225151481
2011-02,Risk-parity SIP,0.0702405786892298,0.0
2011-02,Max-Sharpe SIP,0.06827300666117228,0.0
2011-02,Optimized SIP,0.06925086955780516,0.0
2011-03,Equity SIP,0.05612932490784839,-0.0950756972901301
2011-03,Equal-weight SIP,0.0565737511263063,-0.003602008348732477
2011-03,60/20/20 annual rebal,0.06094449207162209,-0.01417234321835592
2011-03,Risk-parity SIP,0.07333595831322326,0.0
2011-03,Max-Sharpe SIP,0.07206086740485357,0.0
2011-03,Optimized SIP,0.07269702007992797,0.0
2011-04,Equity SIP,0.09501110872142546,-0.09457572637146905
2011-04,Equal-weight SIP,0.06589330577942912,-0.003190869813503805
2011-04,60/20/20 annual rebal,0.08504468579474177,-0.01322725441583461
2011-04,Risk-parity SIP,0.07530427285146632,0.0
2011-04,Max-Sharpe SIP,0.07356328679169279,0.0
2011-04,Optimized SIP,0.07443432249313553,0.0
2011-05,Equity SIP,0.09898517131267785,-0.09410023913798626
2011-05,Equal-weight SIP,0.07198348722538045,-0.002796828089619119
2011-05,60/20/20 annual rebal,0.08474198649234276,-0.014813113028754543
2011-05,Risk-parity SIP,0.07837730369325932,0.0
2011-05,Max-Sharpe SIP,0.076778283183167,0.0
2011-05,Optimized SIP,0.07757876761432479,0.0
2011-06,Equity SIP,0.11260225134561984,-0.09359878917593778
2011-06,Equal-weight SIP,0.0707769575598511,-0.002382526448207689
2011-06,60/20/20 annual rebal,0.08752878025385044,-0.0161369241149526
2011-06,Risk-parity SIP,0.07597641221013138,0.0
2011-06,Max-Sharpe SIP,0.07407897490336884,0.0
2011-06,Optimized SIP,0.07502867394008131,0.0
2011-07,Equity SIP,0.11641642071957804,-0.09305890766371339
2011-07,Equal-weight SIP,0.08185677133981403,-0.001932430828194387
2011-07,60/20/20 annual rebal,0.09633124140768866,-0.013619883378055198
2011-07,Risk-parity SIP,0.08206414523055301,0.0
2011-07,Max-Sharpe SIP,0.08046992385100009,0.0
2011-07,Optimized SIP,0.08126791313708104,0.0
2011-08,Equity SIP,0.13072332328479097,-0.09250478139512408
2011-08,Equal-weight SIP,0.08828381809303155,-0.0014625883853907062
2011-08,60/20/20 annual rebal,0.1058587867501913,-0.012667494106222366
2011-08,Risk-parity SIP,0.08429168859486451,0.0
2011-08,Max-Sharpe SIP,0.08262652591330753,0.0
2011-08,Optimized SIP,0.08345992080123404,0.0
2011-09,Equity SIP,0.13469556799934815,-0.09190898975878559
2011-09,Equal-weight SIP,0.08532642327645905,-0.0009596531119657747
2011-09,60/20/20 annual rebal,0.10661711827183609,-0.012076453096762307
2011-09,Risk-parity SIP,0.08173730025698794,0.0
2011-09,Max-Sharpe SIP,0.07992645198744805,0.0
2011-09,Optimized SIP,0.08083228507609264,0.0
2011-10,Equity SIP,0.12279008177819287,-0.09122478076924478
2011-10,Equal-weight SIP,0.08051923403233228,-0.0003934498626402272
2011-10,60/20/20 annual rebal,0.09924598017249966,-0.011520049892003392
2011-10,Risk-parity SIP,0.0795877713659301,0.0
2011-10,Max-Sharpe SIP,0.07791449651667004,0.0
2011-10,Optimized SIP,0.07875172744723231,0.0
2011-11,Equity SIP,0.11965029682514183,-0.09049687631739611
2011-11,Equal-weight SIP,0.07526726196733476,0.0
2011-11,60/20/20 annual rebal,0.09350822726810758,-0.01079039288572814
2011-11,Risk-parity SIP,0.07648553411945888,0.0
2011-11,Max-Sharpe SIP,0.0747557558581406,0.0
2011-11,Optimized SIP,0.07562109798625587,0.0
2011-12,Equity SIP,0.09732160667136659,-0.08978670099171615
2011-12,Equal-weight SIP,0.060673267386790714,-0.016805857078869613
2011-12,60/20/20 annual rebal,0.07559998735505623,-0.02381801479144141
2011-12,Risk-parity SIP,0.06953309465402385,0.0
2011-12,Max-Sharpe SIP,0.06783772756345266,0.0
2011-12,Optimized SIP,0.0686855627166837,0.0
2012-01,Equity SIP,0.09158206020834586,-0.08896220958820955
2012-01,Equal-weight SIP,0.05538964736683188,-0.016542671819475774
2012-01,60/20/20 annual rebal,0.07038320296521304,-0.024041580419131847
2012-01,Risk-parity SIP,0.06664171960561031,0.0
2012-01,Max-Sharpe SIP,0.064929129299904,0.0
2012-01,Optimized SIP,0.06578577249776528,0.0
2012-02,Equity SIP,0.10526134128728996,-0.08804993990919974
2012-02,Equal-weight SIP,0.06524613519961979,-0.01623930046702249
2012-02,60/20/20 annual rebal,0.08082015651372138,-0.023748127790806484
2012-02,Risk-parity SIP,0.07113003236905603,0.0
2012-02,Max-Sharpe SIP,0.0694844989522872,0.0
2012-02,Optimized SIP,0.07030759945454565,0.0
2012-03,Equity SIP,0.11646732858690632,-0.08719103568443543
2012-03,Equal-weight SIP,0.07175283499243562,-0.015960517818075615
2012-03,60/20/20 annual rebal,0.09057318442844749,-0.023530034140161527
2012-03,Risk-parity SIP,0.0736686607775014,0.0
2012-03,Max-Sharpe SIP,0.07202720667795087,0.0
2012-03,Optimized SIP,0.0728494774862793,0.0
2012-04,Equity SIP,0.12621850160071743,-0.08631576942206798
2012-04,Equal-weight SIP,0.07179139930074337,-0.015672907150287463
2012-04,60/20/20 annual rebal,0.09915230859921303,-0.02352514166725017
2012-04,Risk-parity SIP,0.07255494852099904,0.0
2012-04,Max-Sharpe SIP,0.07071603372178849,0.0
2012-04,Optimized SIP,0.07163758246947632,0.0
2012-05,Equity SIP,0.12817295418624633,-0.08537541485558564
2012-05,Equal-weight SIP,0.0728955550706998,-0.015370299035455393
2012-05,60/20/20 annual rebal,0.09537391361966623,-0.022642985814834482
2012-05,Risk-parity SIP,0.07269482553016775,0.0
2012-05,Max-Sharpe SIP,0.07087851214134734,0.0
2012-05,Optimized SIP,0.07178697383350906,0.0
2012-06,Equity SIP,0.1377874986586755,-0.08437065498816654
2012-06,Equal-weight SIP,0.07706198673024517,-0.015056702019648927
2012-06,60/20/20 annual rebal,0.10093407613724548,-0.022122779667831494
2012-06,Risk-parity SIP,0.074067810477466,0.0
2012-06,Max-Sharpe SIP,0.07220636905455508,0.0
2012-06,Optimized SIP,0.07313739296336283,0.0
2012-07,Equity SIP,0.12878553609162502,-0.08323222825091847
2012-07,Equal-weight SIP,0.07131589080918807,-0.014710430800817575
2012-07,60/20/20 annual rebal,0.09312966790782383,-0.02171485647433058
2012-07,Risk-parity SIP,0.07124366551591338,0.0
2012-07,Max-Sharpe SIP,0.06941921770545122,0.0
2012-07,Optimized SIP,0.07033203609965145,0.0
2012-08,Equity SIP,0.14766770756021425,-0.08210120111169272
2012-08,Equal-weight SIP,0.08107963011492349,-0.014370743033155442
2012-08,60/20/20 annual rebal,0.10751771096636012,-0.021096246061707458
2012-08,Risk-parity SIP,0.0750842535516873,0.0
2012-08,Max-Sharpe SIP,0.07320331406840426,0.0
2012-08,Optimized SIP,0.07414420491847623,0.0
2012-09,Equity SIP,0.13670356379230714,-0.08088512656472135
2012-09,Equal-weight SIP,0.08085273531218871,-0.014012816023420971
2012-09,60/20/20 annual rebal,0.10507923854572487,-0.020537476999224258
2012-09,Risk-parity SIP,0.07571406296530812,0.0
2012-09,Max-Sharpe SIP,0.07411900101820106,0.0
2012-09,Optimized SIP,0.07492186840295145,0.0
2012-10,Equity SIP,0.12697428680406916,-0.07959441353323149
2012-10,Equal-weight SIP,0.07558466701481828,-0.013648044538470128
2012-10,60/20/20 annual rebal,0.0967902283854684,-0.0201717911129079
2012-10,Risk-parity SIP,0.07324745854335041,0.0
2012-10,Max-Sharpe SIP,0.07171173992164862,0.0
2012-10,Optimized SIP,0.07248116309305006,0.0
2012-11,Equity SIP,0.14530449565019365,-0.07832504061042311
2012-11,Equal-weight SIP,0.08093670512906741,-0.0132912331970243
2012-11,60/20/20 annual rebal,0.10625867799043663,-0.01989239837758283
2012-11,Risk-parity SIP,0.07454772553672209,0.0
2012-11,Max-Sharpe SIP,0.07276890926484723,0.0
2012-11,Optimized SIP,0.07365974132753457,0.0
2012-12,Equity SIP,0.1369244460436263,-0.07695119456181976
2012-12,Equal-weight SIP,0.07766425072515838,-0.012908840697680946
2012-12,60/20/20 annual rebal,0.10154953214336715,-0.019608997952594076
2012-12,Risk-parity SIP,0.07310851845475987,0.0
2012-12,Max-Sharpe SIP,0.0714542433519454,0.0
2012-12,Optimized SIP,0.07228382499791383,0.0
2013-01,Equity SIP,0.14511717720194564,-0.07554928827158858
2013-01,Equal-weight SIP,0.0820961421090681,-0.012522828188195056
2013-01,60/20/20 annual rebal,0.10771489686403131,-0.01967446283887675
2013-01,Risk-parity SIP,0.07472052937897278,0.0
2013-01,Max-Sharpe SIP,0.07305218155646974,0.0
2013-01,Optimized SIP,0.07388718398162532,0.0
2013-02,Equity SIP,0.16001905680910997,-0.07405823036939652
2013-02,Equal-weight SIP,0.09076019453962368,-0.012116057158219284
2013-02,60/20/20 annual rebal,0.11804589412058726,-0.01923499792064365
2013-02,Risk-parity SIP,0.07820052518716143,0.0
2013-02,Max-Sharpe SIP,0.07651347553187746,0.0
2013-02,Optimized SIP,0.0773529405274064,0.0
2013-03,Equity SIP,0.13596812423541127,-0.07249765143285558
2013-03,Equal-weight SIP,0.08059223047026814,-0.011686267912047854
2013-03,60/20/20 annual rebal,0.10430915578159353,-0.018848147586023933
2013-03,Risk-parity SIP,0.074126570526546,0.0
2013-03,Max-Sharpe SIP,0.07262437863567263,0.0
2013-03,Optimized SIP,0.07336822458271368,0.0
2013-04,Equity SIP,0.11690759177700767,-0.07072177902858146
2013-04,Equal-weight SIP,0.07519840986206654,-0.011204522860436938
2013-04,60/20/20 annual rebal,0.09700630116734382,-0.02242619954826619
2013-04,Risk-parity SIP,0.07229811876670382,0.0
2013-04,Max-Sharpe SIP,0.07103384196314132,0.0
2013-04,Optimized SIP,0.07165813401071128,0.0
2013-05,Equity SIP,0.13704274595323376,-0.06880237748251761
2013-05,Equal-weight SIP,0.08317970525447563,-0.010699280424679714
2013-05,60/20/20 annual rebal,0.10500119241077781,-0.02205942329850541
2013-05,Risk-parity SIP,0.07512133139239707,0.0
2013-05,Max-Sharpe SIP,0.07374666652095531,0.0
2013-05,Optimized SIP,0.0744265073088638,0.0
2013-06,Equity SIP,0.13288338973143152,-0.06681540934253627
2013-06,Equal-weight SIP,0.0822277379456251,-0.010152513403377417
2013-06,60/20/20 annual rebal,0.10284357229932678,-0.02127512351478167
2013-06,Risk-parity SIP,0.07464111905210136,0.0
2013-06,Max-Sharpe SIP,0.0733409131244358,0.0
2013-06,Optimized SIP,0.07398399244925735,0.0
2013-07,Equity SIP,0.12806990273984462,-0.06468683735046565
2013-07,Equal-weight SIP,0.07778926510916635,-0.009576265569242626
2013-07,60/20/20 annual rebal,0.09734582982146422,-0.020067814275102847
2013-07,Risk-parity SIP,0.07231861019561725,0.0
2013-07,Max-Sharpe SIP,0.07102745181208131,0.0
2013-07,Optimized SIP,0.07167212113099974,0.0
2013-08,Equity SIP,0.1473622382832099,-0.062319494751642224
2013-08,Equal-weight SIP,0.08231670026165466,-0.008927165443402774
2013-08,60/20/20 annual rebal,0.10801503686118971,-0.019529904583158175
2013-08,Risk-parity SIP,0.07327084906117971,0.0
2013-08,Max-Sharpe SIP,0.0718754541993098,0.0
2013-08,Optimized SIP,0.0725697175908422,0.0
2013-09,Equity SIP,0.15399933409694375,-0.05969090545463551
2013-09,Equal-weight SIP,0.08678748025022111,-0.008264257688434862
2013-09,60/20/20 annual rebal,0.11400272337855237,-0.01804863629778064
2013-09,Risk-parity SIP,0.07517315953726426,0.0
2013-09,Max-Sharpe SIP,0.07381946350404098,0.0
2013-09,Optimized SIP,0.0744900261152303,0.0
2013-10,Equity SIP,0.12168344314303632,-0.05665896944924642
2013-10,Equal-weight SIP,0.07610272706678947,-0.007585327431617328
2013-10,60/20/20 annual rebal,0.0947690439988192,-0.02184039754576772
2013-10,Risk-parity SIP,0.07159432339259791,0.0
2013-10,Max-Sharpe SIP,0.07047741399711228,0.0
2013-10,Optimized SIP,0.07102698838942546,0.0
2013-11,Equity SIP,0.0964778547706122,-0.08675463204392575
2013-11,Equal-weight SIP,0.07356158209777773,-0.006850105672165596
2013-11,60/20/20 annual rebal,0.0836502717860587,-0.027542268965203398
2013-11,Risk-parity SIP,0.07175106349355481,0.0
2013-11,Max-Sharpe SIP,0.07090684163905187,0.0
2013-11,Optimized SIP,0.07132018333062536,0.0
2013-12,Equity SIP,0.1114236624812251,-0.08622500806465894
2013-12,Equal-weight SIP,0.06998875763129106,-0.006105503408254442
2013-12,60/20/20 annual rebal,0.08740895329108116,-0.026375515117202375
2013-12,Risk-parity SIP,0.06900571727679626,0.0
2013-12,Max-Sharpe SIP,0.06799290337925834,0.0
2013-12,Optimized SIP,0.06849248703725014,0.0
2014-01,Equity SIP,0.10686290580706913,-0.08565851436754335
2014-01,Equal-weight SIP,0.07352792520368531,-0.005282126920117758
2014-01,60/20/20 annual rebal,0.08773721654094521,-0.0261263764878229
2014-01,Risk-parity SIP,0.07109485831452372,0.0
2014-01,Max-Sharpe SIP,0.0702276245188682,0.0
2014-01,Optimized SIP,0.07065751444337069,0.0
2014-02,Equity SIP,0.10182003811223375,-0.08507579149872957
2014-02,Equal-weight SIP,0.07749584585558736,-0.004389747982658121
2014-02,60/20/20 annual rebal,0.08830048582023849,-0.02482978255427304
2014-02,Risk-parity SIP,0.07336581132268268,0.0
2014-02,Max-Sharpe SIP,0.07264807612832873,0.0
2014-02,Optimized SIP,0.073002678949045,0.0
2014-03,Equity SIP,0.09616140668640934,-0.08444143087813738
2014-03,Equal-weight SIP,0.07257375285441135,-0.0037020833702080536
2014-03,60/20/20 annual rebal,0.08379098648656251,-0.02328995944316503
2014-03,Risk-parity SIP,0.07083773331783197,0.0
2014-03,Max-Sharpe SIP,0.07013425245931722,0.0
2014-03,Optimized SIP,0.0704782194784522,0.0
2014-04,Equity SIP,0.12201823821574397,-0.08379332936929906
2014-04,Equal-weight SIP,0.07854945740690078,-0.0032513398808438065
2014-04,60/20/20 annual rebal,0.09871988371896759,-0.024220272431945467
2014-04,Risk-parity SIP,0.07276388410015297,0.0
2014-04,Max-Sharpe SIP,0.07210590104562983,0.0
2014-04,Optimized SIP,0.0724426047463025,0.0
2014-05,Equity SIP,0.1225192786011279,-0.08315504017722164
2014-05,Equal-weight SIP,0.07783230005929179,-0.0028250157870535197
2014-05,60/20/20 annual rebal,0.09599045808410284,-0.024905010529621796
2014-05,Risk-parity SIP,0.07222318719073344,0.0
2014-05,Max-Sharpe SIP,0.07160065787265621,0.0
2014-05,Optimized SIP,0.07192706831975439,0.0
2014-06,Equity SIP,0.12457957235066665,-0.08248316156489666
2014-06,Equal-weight SIP,0.08076620420859827,-0.0023770528054969375
2014-06,60/20/20 annual rebal,0.09865389384783002,-0.02236267328069419
2014-06,Risk-parity SIP,0.07355634932500688,0.0
2014-06,Max-Sharpe SIP,0.0729828157944411,0.0
2014-06,Optimized SIP,0.07326270668673773,0.0
2014-07,Equity SIP,0.11671676247059898,-0.08182926269266755
2014-07,Equal-weight SIP,0.08551511534040969,-0.0019592811448919667
2014-07,60/20/20 annual rebal,0.0983856228939504,-0.021798636106659552
2014-07,Risk-parity SIP,0.07611555197341681,0.0
2014-07,Max-Sharpe SIP,0.07546958204160152,0.0
2014-07,Optimized SIP,0.07571446610029547,0.0
2014-08,Equity SIP,0.09036544697768785,-0.08117791177255906
2014-08,Equal-weight SIP,0.07725942912976524,-0.0015448362324180787
2014-08,60/20/20 annual rebal,0.08372731468564482,-0.02079772155373394
2014-08,Risk-parity SIP,0.0727822655339364,0.0
2014-08,Max-Sharpe SIP,0.07196697428804824,0.0
2014-08,Optimized SIP,0.07228942910352483,0.0
2014-09,Equity SIP,0.08451940237046893,-0.08050494539949538
2014-09,Equal-weight SIP,0.08878298490702469,-0.0011213862208120373
2014-09,60/20/20 annual rebal,0.0894404002588782,-0.018476900958655396
2014-09,Risk-parity SIP,0.07841113416403286,0.0
2014-09,Max-Sharpe SIP,0.07744511372543804,0.0
2014-09,Optimized SIP,0.07771850480782434,0.0
2014-10,Equity SIP,0.09842602217136506,-0.07982022571209524
2014-10,Equal-weight SIP,0.0873029316307423,-0.0006935287552879421
2014-10,60/20/20 annual rebal,0.09500403695867736,-0.017836941132645334
2014-10,Risk-parity SIP,0.07697999128670655,0.0
2014-10,Max-Sharpe SIP,0.07619741331942224,0.0
2014-10,Optimized SIP,0.07646073507260802,0.0
2014-11,Equity SIP,0.10990657006847272,-0.07910321988422198
2014-11,Equal-weight SIP,0.09312891061975867,-0.0003548844457086364
2014-11,60/20/20 annual rebal,0.10053504969540367,-0.0197388204268798
2014-11,Risk-parity SIP,0.07920122308126162,0.0
2014-11,Max-Sharpe SIP,0.07850747230317559,0.0
2014-11,Optimized SIP,0.07872671597163174,0.0
2014-12,Equity SIP,0.11367949572322589,-0.07838365314255746
2014-12,Equal-weight SIP,0.09128477894498382,-5.851629739161979e-05
2014-12,60/20/20 annual rebal,0.1009330778418604,-0.018482475151501476
2014-12,Risk-parity SIP,0.07782582752324621,0.0
2014-12,Max-Sharpe SIP,0.07720298554761368,0.0
2014-12,Optimized SIP,0.07742010306011915,0.0
2015-01,Equity SIP,0.11533451458005181,-0.0776530133362564
2015-01,Equal-weight SIP,0.09471889839973718,0.0
2015-01,60/20/20 annual rebal,0.10362595410193004,-0.018224478940734867
2015-01,Risk-parity SIP,0.07905111794938932,0.0
2015-01,Max-Sharpe SIP,0.07839877689766293,0.0
2015-01,Optimized SIP,0.07861650158094188,0.0
