Equity,Bonds,Gold,XIRR,Volatility,Sharpe,Max drawdown,Worst wealth drop
0.0,0.0,1.0,0.0772190615800906,0.12630321699578892,0.45077173236138535,-0.4812758935931961,-0.3666069875915733
0.0,0.1,0.9,0.074925045425001,0.11464767452406467,0.5057295127605401,-0.3677524308211202,-0.3277590807922417
0.0,0.2,0.8,0.07252688648265407,0.10340952793393181,0.5695657455560239,-0.3157770921291805,-0.2908168677333234
0.0,0.3,0.7,0.07000929213155557,0.09273493221546307,0.6436453602043823,-0.27550436911109455,-0.2525463595490086
0.0,0.4,0.6,0.06735470653048499,0.0828436929384248,0.728492551424217,-0.23659439283164696,-0.2128766982953847
0.0,0.5,0.5,0.06454319810322827,0.07406156208288942,0.8221075055027708,-0.19632195622855053,-0.18074689733066107
0.0,0.6,0.4,0.06155228783907434,0.06685046561442003,0.9168948940885135,-0.19900833809102714,-0.18718453018999048
0.0,0.7,0.3,0.05835668767945661,0.061800835039347045,0.9963485715313529,-0.2062662621179584,-0.19453064661050123
0.0,0.8,0.2,0.05492791009451471,0.05951922390441926,1.0370821564592234,-0.2134948147852722,-0.20181421409616151
0.0,0.9,0.1,0.051233698143747085,0.06038867474069663,1.0224851829650645,-0.22821964453729982,-0.21065203553549972
0.0,1.0,0.0,0.04723720681217224,0.06436181046508771,0.9576076070827811,-0.25086793230263216,-0.23310669517053983
0.1,0.0,0.9,0.08185309037254584,0.11297040636495853,0.5686584947726857,-0.33733674447782036,-0.2909842271041808
0.1,0.1,0.8,0.07962153005549304,0.10145421185240626,0.6424201951367337,-0.28673820379456005,-0.25309252342044086
0.1,0.2,0.7,0.0772752490967918,0.09042628909076722,0.7297125511246045,-0.23636591012841146,-0.21382928328977446
0.1,0.3,0.6,0.07479792533173327,0.08009042744559532,0.8324301329625768,-0.1963375016896709,-0.17315467542742857
0.1,0.4,0.5,0.07217134440159542,0.0707623153912623,0.9500907464898385,-0.1571816403925398,-0.14647896523818804
0.1,0.5,0.4,0.0693743125066659,0.06291601767304326,1.075528605647375,-0.164666519182315,-0.15410180962644093
0.1,0.6,0.3,0.06638349322780507,0.05720443570659894,1.188394425454537,-0.17212076562117562,-0.16166765004959782
0.1,0.7,0.2,0.06317251743378303,0.05436180402205476,1.2540014555132448,-0.17954284053189007,-0.16917135932027216
0.1,0.8,0.1,0.0597110924044893,0.054908218440274006,1.2426367489719516,-0.18693115908688518,-0.17660728746527898
0.1,0.9,0.0,0.0559635680873532,0.0588334372590163,1.1585250279169752,-0.20117505289376203,-0.18563098053707006
0.2,0.0,0.8,0.0863246398189617,0.10138062266919676,0.7033800836443819,-0.27969274098323627,-0.22264092125737744
0.2,0.1,0.7,0.08414172859712794,0.09021343959783276,0.7996715977927108,-0.22708380531114336,-0.20056817884284361
0.2,0.2,0.6,0.08183271002906142,0.0796852063846959,0.9142434176843574,-0.1855507694140659,-0.17792986499581986
0.2,0.3,0.5,0.07937968897710038,0.07009591977620191,1.0477291289255544,-0.16228987979539777,-0.15470016946177267
0.2,0.4,0.4,0.07676323163020755,0.06190738136806761,1.1939010412655078,-0.1406037371131721,-0.13767209020015847
0.2,0.5,0.3,0.07396029956955619,0.055779722928231,1.331308594637787,-0.14934622253832652,-0.14574244408253956
0.2,0.6,0.2,0.07094725335563964,0.052497113230292526,1.418886918488249,-0.16022555181125775,-0.15665408314352236
0.2,0.7,0.1,0.06769649229265967,0.052667760812230506,1.4162708282259808,-0.1711049656183068,-0.16755436782068012
0.2,0.8,0.0,0.06417457492277459,0.05634519336601358,1.3234070961182538,-0.18198447359740477,-0.17844165447409
0.3,0.0,0.7,0.09061784478042652,0.09210581214433883,0.8485690273911818,-0.23919588501224665,-0.23206734039294286
0.3,0.1,0.6,0.08846911368766874,0.0816536935724952,0.9662511932943654,-0.21660748674163322,-0.20950728718112333
0.3,0.2,0.5,0.08618067219767689,0.072120784907411,1.1025951627224515,-0.1934124370128838,-0.1863473432705388
0.3,0.3,0.4,0.08373348720413566,0.06394209279551509,1.2515192440726166,-0.1695856195141573,-0.16255990554526523
0.3,0.4,0.3,0.08110667965382429,0.057733458138788725,1.3928166237595716,-0.1511160012753473,-0.1477315352541324
0.3,0.5,0.2,0.07827784879944462,0.054229785587910806,1.4877787620492793,-0.16160033383568062,-0.15854471775687695
0.3,0.6,0.1,0.07521979846646702,0.054029362608102253,1.4960539011250134,-0.17247938156471476,-0.16945130519167761
0.3,0.7,0.0,0.07190406421523816,0.057248135539101484,1.4123907269592781,-0.18335850702612544,-0.18034687771249014
0.4,0.0,0.6,0.09471076809574232,0.08583846741232021,0.9879916087266348,-0.2485977496574212,-0.24198222696930438
0.4,0.1,0.5,0.09258021109615736,0.07662661704160836,1.1153487739962726,-0.22548368097660676,-0.21890512980819754
0.4,0.2,0.4,0.09029475498915224,0.06874942522024616,1.2510447717258772,-0.20173008175035456,-0.1951918540119033
0.4,0.3,0.3,0.08783501769954107,0.06274493922819435,1.3776062127052255,-0.1773096984461603,-0.17081283703145034
0.4,0.4,0.2,0.08517801705247714,0.05923346991657634,1.4645706296125578,-0.16296408501292048,-0.16032516449043122
0.4,0.5,0.1,0.08230048287695424,0.058726015734356464,1.4805806022618018,-0.17384292896387066,-0.1712362199728883
0.4,0.6,0.0,0.07917536856411597,0.061370818650798985,1.4180513245922166,-0.1847218384904753,-0.18213771524057376
0.5,0.0,0.5,0.09857732566871688,0.08322998304816188,1.0966564210631249,-0.25854917290439294,-0.2524227031779558
0.5,0.1,0.4,0.0964485201215497,0.07581988932101062,1.211558426000972,-0.23488550906425532,-0.22879873773915882
0.5,0.2,0.3,0.09414839688108066,0.07017505821764491,1.3157670296929278,-0.21054675929093836,-0.20450013796731192
0.5,0.3,0.2,0.0916559973201732,0.06678596599983186,1.3879475516215165,-0.18839575386850782,-0.1838507703767348
0.5,0.4,0.1,0.08894921288278579,0.06605431851970747,1.4070784146349862,-0.17528129813144633,-0.1729304499514175
0.5,0.5,0.0,0.08600292927976982,0.06813052749477899,1.3661559228882365,-0.1860753850861504,-0.18383625407888393
0.6,0.0,0.4,0.10218868827743957,0.08461960985431619,1.1530950198718026,-0.2691016480838747,-0.26343404423590944
0.6,0.1,0.3,0.10004476103344336,0.07937659408565315,1.2358446874683615,-0.2510306020505415,-0.24438742831243565
0.6,0.2,0.2,0.09771211250413174,0.07615848270521211,1.2934896203084323,-0.24152956733659203,-0.23415673234791345
0.6,0.3,0.1,0.09516926736924103,0.07527116762097079,1.312758136959269,-0.23865095007322012,-0.2271562276731599
0.6,0.4,0.0,0.09239328832749125,0.07685137533907033,1.2882516849632264,-0.23808291730636388,-0.22706148446169316
0.7,0.0,0.3,0.10551418040661174,0.08985050408894855,1.1543717249411012,-0.31057578648445017,-0.3015999815419701
0.7,0.1,0.2,0.10333896280897294,0.0868039005602223,1.2002929400911047,-0.30787135573364444,-0.2971076764593784
0.7,0.2,0.1,0.10095672791042275,0.08580660621589498,1.2184549317322906,-0.30581079966065283,-0.2954981579155561
0.7,0.3,0.0,0.09834554017106321,0.08697719369066433,1.2049560067661802,-0.3043984855962347,-0.2945136894357919
0.8,0.0,0.2,0.10852171749604257,0.09836410443942398,1.115516750562789,-0.3736715612603799,-0.3640111088567968
0.8,0.1,0.1,0.1063000205529625,0.09728324924751484,1.1322836123500164,-0.37077433981341523,-0.3615203129216754
0.8,0.2,0.0,0.10385126312215359,0.098119261694293,1.1258750920535012,-0.36852061707881467,-0.35965173544574414
0.9,0.0,0.1,0.11117783090468028,0.10946946586852566,1.056039842955065,-0.4335862624858158,-0.42528296986596514
0.9,0.1,0.0,0.10889388216847685,0.11002800433633883,1.0542239702889855,-0.4304947222768517,-0.42253655187705075
1.0,0.0,0.0,0.11344732315864509,0.12255352674399453,0.9902931529732819,-0.49036491039263164,-0.48322598985288334
