Month,Instalment,Total invested,Equity value,Bonds value,Gold value,Portfolio value,Monthly return (TWR),Equity target weight,Bonds target weight,Gold target weight,Equity actual weight,Bonds actual weight,Gold actual weight,Bought,Sold,Costs
1983-02,10000.000000,10000.000000,2137.522490,5902.106808,1994.405155,10034.034454,0.003403,0.209504,0.594922,0.195574,0.213027,0.588209,0.198764,10000.000000,0.000000,10.000000
1983-03,10000.000000,20000.000000,4357.277244,12170.994124,3349.892475,19878.163843,-0.007780,0.209504,0.594922,0.195574,0.219199,0.612280,0.168521,10000.000000,0.000000,10.000000
1983-04,10000.000000,30000.000000,6520.143809,18044.035367,6022.247708,30586.426884,0.023705,0.209504,0.594922,0.195574,0.213171,0.589936,0.196893,10000.000000,0.000000,10.000000
1983-05,10000.000000,40000.000000,8876.995282,24378.485470,8027.337037,41282.817788,0.017158,0.209504,0.594922,0.195574,0.215029,0.590524,0.194447,10000.000000,0.000000,10.000000
1983-06,10000.000000,50000.000000,10930.206635,29909.254585,9455.284679,50294.745899,-0.019267,0.209504,0.594922,0.195574,0.217323,0.594680,0.187997,10000.000000,0.000000,10.000000
1983-07,10000.000000,60000.000000,12719.317043,35076.028764,11504.663259,59300.009066,-0.016498,0.209504,0.594922,0.195574,0.214491,0.591501,0.194008,10000.000000,0.000000,10.000000
1983-08,10000.000000,70000.000000,14167.077578,40500.152256,13988.475456,68655.705290,-0.009297,0.209504,0.594922,0.195574,0.206350,0.589902,0.203748,10000.000000,0.000000,10.000000
1983-09,10000.000000,80000.000000,17022.576844,47792.007881,15233.173318,80047.758044,0.017698,0.209504,0.594922,0.195574,0.212655,0.597044,0.190301,10000.000000,0.000000,10.000000
1983-10,10000.000000,90000.000000,18985.468564,54428.235894,16839.731508,90253.435966,0.002284,0.209504,0.594922,0.195574,0.210357,0.603060,0.186583,10000.000000,0.000000,10.000000
1983-11,10000.000000,100000.000000,20761.661800,59693.337868,19007.918929,99462.918597,-0.007885,0.209504,0.594922,0.195574,0.208738,0.600157,0.191106,10000.000000,0.000000,10.000000
1983-12,10000.000000,110000.000000,22901.416769,65226.206388,21742.385685,109870.008842,0.003719,0.209504,0.594922,0.195574,0.208441,0.593667,0.197892,10000.000000,0.000000,10.000000
1984-01,10000.000000,120000.000000,25506.856495,72670.517922,22414.444245,120591.818662,0.006022,0.209504,0.594922,0.195574,0.211514,0.602616,0.185870,10000.000000,0.000000,10.000000
1984-02,10000.000000,130000.000000,33689.102510,72661.734885,23318.902922,129669.740318,-0.007061,0.318627,0.536482,0.144891,0.259807,0.560360,0.179833,10000.000000,0.000000,10.000000
1984-03,10000.000000,140000.000000,42137.522196,73111.856968,23800.492103,139049.871267,-0.004438,0.318627,0.536482,0.144891,0.303039,0.525796,0.171165,10000.000000,0.000000,10.000000
1984-04,10000.000000,150000.000000,46757.057353,78169.472959,23013.652642,147940.182955,-0.007445,0.318627,0.536482,0.144891,0.316054,0.528386,0.155561,10000.000000,0.000000,10.000000
1984-05,10000.000000,160000.000000,50148.191542,81969.504813,22770.597623,154888.293979,-0.019323,0.318627,0.536482,0.144891,0.323770,0.529217,0.147013,10000.000000,0.000000,10.000000
1984-06,10000.000000,170000.000000,51563.663453,88730.696170,23952.679996,164247.039620,-0.003889,0.318627,0.536482,0.144891,0.313940,0.540227,0.145833,10000.000000,0.000000,10.000000
1984-07,10000.000000,180000.000000,55012.272534,95542.620720,23241.711451,173796.604706,-0.002585,0.318627,0.536482,0.144891,0.316532,0.549738,0.133729,10000.000000,0.000000,10.000000
1984-08,10000.000000,190000.000000,63950.662728,103196.586859,26628.949393,193776.198980,0.054297,0.318627,0.536482,0.144891,0.330023,0.532556,0.137421,10000.000000,0.000000,10.000000
1984-09,10000.000000,200000.000000,65838.876884,111698.299521,28845.096297,206382.272701,0.012789,0.318627,0.536482,0.144891,0.319014,0.541220,0.139765,10000.000000,0.000000,10.000000
1984-10,10000.000000,210000.000000,68657.713503,119661.683402,31442.512912,219761.909817,0.015619,0.318627,0.536482,0.144891,0.312419,0.544506,0.143075,10000.000000,0.000000,10.000000
1984-11,10000.000000,220000.000000,74146.490864,128732.034213,33386.510853,236265.035930,0.028304,0.318627,0.536482,0.144891,0.313828,0.544863,0.141310,10000.000000,0.000000,10.000000
1984-12,10000.000000,230000.000000,77908.310888,133924.119623,33384.829947,245217.260458,-0.004255,0.318627,0.536482,0.144891,0.317711,0.546145,0.136144,10000.000000,0.000000,10.000000
1985-01,10000.000000,240000.000000,85135.774447,139188.312071,35012.720221,259336.806738,0.016141,0.318627,0.536482,0.144891,0.328283,0.536709,0.135009,10000.000000,0.000000,10.000000
1985-02,10000.000000,250000.000000,116825.080427,121463.174751,37128.956187,275417.211365,0.022575,0.410091,0.450187,0.139721,0.424175,0.441015,0.134810,27936.264752,17936.264752,45.872530
1985-03,10000.000000,260000.000000,116483.180977,127136.949858,41877.991791,285498.122626,0.000283,0.410091,0.450187,0.139721,0.408000,0.445316,0.146684,10000.000000,0.000000,10.000000
1985-04,10000.000000,270000.000000,122154.150055,137342.040151,43610.317962,303106.508168,0.025748,0.410091,0.450187,0.139721,0.403007,0.453115,0.143878,10000.000000,0.000000,10.000000
1985-05,10000.000000,280000.000000,131910.662651,147186.910770,42274.648273,321372.221694,0.026399,0.410091,0.450187,0.139721,0.410461,0.457995,0.131544,10000.000000,0.000000,10.000000
1985-06,10000.000000,290000.000000,139300.891608,156863.161117,46444.856081,342608.908806,0.033910,0.410091,0.450187,0.139721,0.406589,0.457849,0.135562,10000.000000,0.000000,10.000000
1985-07,10000.000000,300000.000000,147847.181421,158622.329284,49265.558564,355735.069269,0.008866,0.410091,0.450187,0.139721,0.415610,0.445900,0.138489,10000.000000,0.000000,10.000000
1985-08,10000.000000,310000.000000,147213.066431,165858.044190,53195.127494,366266.238115,0.001452,0.410091,0.450187,0.139721,0.401929,0.452835,0.145236,10000.000000,0.000000,10.000000
1985-09,10000.000000,320000.000000,150983.061422,170221.987225,52065.362292,373270.410939,-0.007962,0.410091,0.450187,0.139721,0.404487,0.456029,0.139484,10000.000000,0.000000,10.000000
1985-10,10000.000000,330000.000000,159522.370510,175406.833747,54046.986958,388976.191215,0.014887,0.410091,0.450187,0.139721,0.410108,0.450945,0.138947,10000.000000,0.000000,10.000000
1985-11,10000.000000,340000.000000,174117.341505,186312.783836,55060.076810,415490.202151,0.041391,0.410091,0.450187,0.139721,0.419065,0.448417,0.132518,10000.000000,0.000000,10.000000
1985-12,10000.000000,350000.000000,183723.909341,199479.840016,59448.623616,442652.372973,0.040335,0.410091,0.450187,0.139721,0.415052,0.450647,0.134301,10000.000000,0.000000,10.000000
1986-01,10000.000000,360000.000000,187020.100998,206261.764041,68153.985344,461435.850383,0.019404,0.410091,0.450187,0.139721,0.405300,0.447000,0.147700,10000.000000,0.000000,10.000000
1986-02,10000.000000,370000.000000,197670.903178,224858.786483,66581.299230,489110.988891,0.037492,0.376526,0.484101,0.139372,0.404143,0.459730,0.136127,10000.000000,0.000000,10.000000
1986-03,10000.000000,380000.000000,209888.237129,249684.625302,69495.835173,529068.697604,0.060022,0.376526,0.484101,0.139372,0.396713,0.471932,0.131355,10000.000000,0.000000,10.000000
1986-04,10000.000000,390000.000000,215638.167561,266587.349917,71563.274812,553788.792290,0.027307,0.376526,0.484101,0.139372,0.389387,0.481388,0.129225,10000.000000,0.000000,10.000000
1986-05,10000.000000,400000.000000,216694.897144,265367.913378,77264.455029,559327.265551,-0.007913,0.376526,0.484101,0.139372,0.387421,0.474441,0.138138,10000.000000,0.000000,10.000000
1986-06,10000.000000,410000.000000,223480.542927,273751.816947,79184.356732,576416.716605,0.012452,0.376526,0.484101,0.139372,0.387707,0.474920,0.137373,10000.000000,0.000000,10.000000
1986-07,10000.000000,420000.000000,219445.403921,293389.888596,82374.438402,595209.730919,0.014994,0.376526,0.484101,0.139372,0.368686,0.492919,0.138396,10000.000000,0.000000,10.000000
1986-08,10000.000000,430000.000000,232733.816840,297843.897906,91293.384541,621871.099286,0.027530,0.376526,0.484101,0.139372,0.374248,0.478948,0.146804,10000.000000,0.000000,10.000000
1986-09,10000.000000,440000.000000,230835.133060,299844.986381,101220.241265,631900.360707,0.000046,0.376526,0.484101,0.139372,0.365303,0.474513,0.160184,10000.000000,0.000000,10.000000
1986-10,10000.000000,450000.000000,235609.752059,307165.157109,102671.564175,645446.473343,0.005524,0.376526,0.484101,0.139372,0.365034,0.475896,0.159071,10000.000000,0.000000,10.000000
1986-11,10000.000000,460000.000000,249360.498755,317768.801970,96374.196474,663503.497199,0.012292,0.376526,0.484101,0.139372,0.375824,0.478926,0.145250,10000.000000,0.000000,10.000000
1986-12,10000.000000,470000.000000,257059.258194,329533.063408,94677.767118,681270.088721,0.011532,0.376526,0.484101,0.139372,0.377324,0.483704,0.138972,10000.000000,0.000000,10.000000
1987-01,10000.000000,480000.000000,277646.980931,337329.367098,100531.301172,715507.649200,0.035062,0.376526,0.484101,0.139372,0.388042,0.471455,0.140503,10000.000000,0.000000,10.000000
1987-02,10000.000000,490000.000000,295584.115884,342068.910060,101949.232282,739602.258226,0.019427,0.382666,0.474349,0.142985,0.399653,0.462504,0.137843,10000.000000,0.000000,10.000000
1987-03,10000.000000,500000.000000,308515.969950,351381.740416,106830.114741,766727.825107,0.022846,0.382666,0.474349,0.142985,0.402380,0.458287,0.139333,10000.000000,0.000000,10.000000
1987-04,10000.000000,510000.000000,305869.870352,342877.011021,116531.374858,765278.256231,-0.014741,0.382666,0.474349,0.142985,0.399685,0.448042,0.152273,10000.000000,0.000000,10.000000
1987-05,10000.000000,520000.000000,306394.556198,341531.544362,122382.970290,770309.070850,-0.006410,0.382666,0.474349,0.142985,0.397755,0.443369,0.158875,10000.000000,0.000000,10.000000
1987-06,10000.000000,530000.000000,320173.437449,358951.248220,119720.936694,798845.622362,0.023755,0.382666,0.474349,0.142985,0.400795,0.449337,0.149867,10000.000000,0.000000,10.000000
1987-07,10000.000000,540000.000000,330165.480750,370307.000578,119985.499519,820457.980847,0.014357,0.382666,0.474349,0.142985,0.402416,0.451342,0.146242,10000.000000,0.000000,10.000000
1987-08,10000.000000,550000.000000,351470.164899,375273.199195,122644.455153,849387.819248,0.022794,0.382666,0.474349,0.142985,0.413792,0.441816,0.144392,10000.000000,0.000000,10.000000
1987-09,10000.000000,560000.000000,340815.155804,371853.134213,122448.927920,835117.217937,-0.028242,0.382666,0.474349,0.142985,0.408105,0.445271,0.146625,10000.000000,0.000000,10.000000
1987-10,10000.000000,570000.000000,300411.761047,382429.926927,123778.430466,806620.118439,-0.045552,0.382666,0.474349,0.142985,0.372433,0.474114,0.153453,10000.000000,0.000000,10.000000
1987-11,10000.000000,580000.000000,269674.500013,404935.409020,124575.475106,799185.384139,-0.021350,0.382666,0.474349,0.142985,0.337437,0.506685,0.155878,10000.000000,0.000000,10.000000
1987-12,10000.000000,590000.000000,275938.291124,404512.779812,129365.240996,809816.311932,0.000780,0.382666,0.474349,0.142985,0.340742,0.499512,0.159746,10000.000000,0.000000,10.000000
1988-01,10000.000000,600000.000000,298077.144805,416033.503850,126968.039436,841078.688091,0.025936,0.382666,0.474349,0.142985,0.354399,0.494643,0.150959,10000.000000,0.000000,10.000000
1988-02,10000.000000,610000.000000,318327.952488,431848.324142,117650.344147,867826.620778,0.019678,0.366466,0.486361,0.147173,0.366811,0.497621,0.135569,10000.000000,0.000000,10.000000
1988-03,10000.000000,620000.000000,330943.333684,430203.734084,125958.661543,887105.729311,0.010571,0.366466,0.486361,0.147173,0.373060,0.484952,0.141988,10000.000000,0.000000,10.000000
1988-04,10000.000000,630000.000000,328007.439995,428276.623235,133298.970803,889583.034033,-0.008386,0.366466,0.486361,0.147173,0.368720,0.481435,0.149844,10000.000000,0.000000,10.000000
1988-05,10000.000000,640000.000000,322314.315160,429509.000423,133002.582986,884825.898569,-0.016404,0.366466,0.486361,0.147173,0.364269,0.485416,0.150315,10000.000000,0.000000,10.000000
1988-06,10000.000000,650000.000000,346900.896159,442632.007407,133001.096634,922534.000200,0.030965,0.366466,0.486361,0.147173,0.376030,0.479800,0.144169,10000.000000,0.000000,10.000000
1988-07,10000.000000,660000.000000,345832.479365,449108.066198,131884.045473,926824.591035,-0.006122,0.366466,0.486361,0.147173,0.373137,0.484566,0.142297,10000.000000,0.000000,10.000000
1988-08,10000.000000,670000.000000,339885.771981,451933.686947,134484.344155,926303.803083,-0.011230,0.366466,0.486361,0.147173,0.366927,0.487889,0.145184,10000.000000,0.000000,10.000000
1988-09,10000.000000,680000.000000,349732.258518,467147.719854,132042.221399,948922.199771,0.013477,0.366466,0.486361,0.147173,0.368557,0.492293,0.139150,10000.000000,0.000000,10.000000
1988-10,10000.000000,690000.000000,364643.886515,476126.154721,138439.261209,979209.302445,0.021156,0.366466,0.486361,0.147173,0.372386,0.486235,0.141379,10000.000000,0.000000,10.000000
1988-11,10000.000000,700000.000000,357273.563946,478773.390845,148937.416862,984984.371653,-0.004271,0.366466,0.486361,0.147173,0.362720,0.486072,0.151208,10000.000000,0.000000,10.000000
1988-12,10000.000000,710000.000000,371598.837750,481827.574580,148581.311001,1002007.723332,0.007059,0.366466,0.486361,0.147173,0.370854,0.480862,0.148284,10000.000000,0.000000,10.000000
1989-01,10000.000000,720000.000000,384648.033174,495853.143306,143583.109668,1024084.286148,0.011933,0.366466,0.486361,0.147173,0.375602,0.484192,0.140206,10000.000000,0.000000,10.000000
1989-02,10000.000000,730000.000000,397814.715301,497056.547173,147055.050112,1041926.312586,0.007584,0.372478,0.478188,0.149334,0.381807,0.477055,0.141138,10000.000000,0.000000,10.000000
1989-03,10000.000000,740000.000000,397167.836350,498543.775561,154116.900714,1049828.512625,-0.001994,0.372478,0.478188,0.149334,0.378317,0.474881,0.146802,10000.000000,0.000000,10.000000
1989-04,10000.000000,750000.000000,411322.190346,514970.664886,155039.946835,1081332.802067,0.020290,0.372478,0.478188,0.149334,0.380384,0.476237,0.143379,10000.000000,0.000000,10.000000
1989-05,10000.000000,760000.000000,428245.416577,534412.614733,154960.231264,1117618.262573,0.024086,0.372478,0.478188,0.149334,0.383177,0.478171,0.138652,10000.000000,0.000000,10.000000
1989-06,10000.000000,770000.000000,442770.238162,561798.337867,161013.302675,1165581.878705,0.033667,0.372478,0.478188,0.149334,0.379871,0.481990,0.138140,10000.000000,0.000000,10.000000
1989-07,10000.000000,780000.000000,455164.707821,575772.999526,174025.126665,1204962.834012,0.024993,0.372478,0.478188,0.149334,0.377742,0.477835,0.144424,10000.000000,0.000000,10.000000
1989-08,10000.000000,790000.000000,476511.437951,580260.735977,175099.608756,1231871.782685,0.013917,0.372478,0.478188,0.149334,0.386819,0.471040,0.142141,10000.000000,0.000000,10.000000
1989-09,10000.000000,800000.000000,478678.269339,586749.612240,177948.421765,1243376.303344,0.001211,0.372478,0.478188,0.149334,0.384983,0.471900,0.143117,10000.000000,0.000000,10.000000
1989-10,10000.000000,810000.000000,480044.684562,603766.387328,184689.804411,1268500.876301,0.012067,0.372478,0.478188,0.149334,0.378435,0.475968,0.145597,10000.000000,0.000000,10.000000
1989-11,10000.000000,820000.000000,471335.142733,619118.053593,203114.858912,1293568.055238,0.011785,0.372478,0.478188,0.149334,0.364368,0.478613,0.157019,10000.000000,0.000000,10.000000
1989-12,10000.000000,830000.000000,492147.249928,626751.453145,211047.091127,1329945.794201,0.020235,0.372478,0.478188,0.149334,0.370051,0.471261,0.158688,10000.000000,0.000000,10.000000
1990-01,10000.000000,840000.000000,484507.140005,621872.978331,211359.978125,1317740.096461,-0.016572,0.372478,0.478188,0.149334,0.367680,0.471924,0.160396,10000.000000,0.000000,10.000000
1990-02,10000.000000,850000.000000,472259.196192,617974.229374,222511.500585,1312744.926152,-0.011294,0.352012,0.473645,0.174343,0.359749,0.470750,0.169501,10000.000000,0.000000,10.000000
1990-03,10000.000000,860000.000000,485040.374355,622574.610372,214291.913964,1321906.898692,-0.000634,0.352012,0.473645,0.174343,0.366925,0.470967,0.162108,10000.000000,0.000000,10.000000
1990-04,10000.000000,870000.000000,485987.336747,622038.081844,210439.793686,1318465.212277,-0.010092,0.352012,0.473645,0.174343,0.368601,0.471790,0.159610,10000.000000,0.000000,10.000000
1990-05,10000.000000,880000.000000,504698.545456,630366.625214,214991.608373,1350056.779043,0.016253,0.352012,0.473645,0.174343,0.373835,0.466919,0.159246,10000.000000,0.000000,10.000000
1990-06,10000.000000,890000.000000,520693.443830,650586.833758,210957.416185,1382237.693774,0.016309,0.352012,0.473645,0.174343,0.376703,0.470677,0.152620,10000.000000,0.000000,10.000000
1990-07,10000.000000,900000.000000,521573.439248,657803.795746,225616.013677,1404993.248671,0.009162,0.352012,0.473645,0.174343,0.371228,0.468190,0.160582,10000.000000,0.000000,10.000000
1990-08,10000.000000,910000.000000,480567.970937,654058.315280,252354.313246,1386980.599463,-0.019797,0.352012,0.473645,0.174343,0.346485,0.471570,0.181945,10000.000000,0.000000,10.000000
1990-09,10000.000000,920000.000000,465394.559138,656912.852063,248519.305046,1370826.716246,-0.018722,0.352012,0.473645,0.174343,0.339499,0.479209,0.181292,10000.000000,0.000000,10.000000
1990-10,10000.000000,930000.000000,464382.156212,669087.939332,243406.606079,1376876.701624,-0.002861,0.352012,0.473645,0.174343,0.337272,0.485946,0.176782,10000.000000,0.000000,10.000000
1990-11,10000.000000,940000.000000,488533.319577,688613.383401,244043.708419,1421190.411398,0.024742,0.352012,0.473645,0.174343,0.343749,0.484533,0.171718,10000.000000,0.000000,10.000000
1990-12,10000.000000,950000.000000,518634.481335,707798.150951,243453.050678,1469885.682964,0.027037,0.352012,0.473645,0.174343,0.352840,0.481533,0.165627,10000.000000,0.000000,10.000000
1991-01,10000.000000,960000.000000,516434.346862,712082.758766,256765.723154,1485282.828781,0.003647,0.352012,0.473645,0.174343,0.347701,0.479426,0.172873,10000.000000,0.000000,10.000000
1991-02,10000.000000,970000.000000,409017.598436,868786.034801,264748.529791,1542552.163028,0.031612,0.245142,0.568035,0.186823,0.265156,0.563213,0.171630,159877.436754,149877.436754,309.754874
1991-03,10000.000000,980000.000000,421467.915346,862649.491396,270587.174608,1554704.581350,0.001386,0.245142,0.568035,0.186823,0.271092,0.554864,0.174044,10000.000000,0.000000,10.000000
1991-04,10000.000000,990000.000000,430985.396191,878071.839201,271334.181062,1580391.416454,0.010025,0.245142,0.568035,0.186823,0.272708,0.555604,0.171688,10000.000000,0.000000,10.000000
1991-05,10000.000000,1000000.000000,430211.748739,887152.735542,275605.556951,1592970.041232,0.001621,0.245142,0.568035,0.186823,0.270069,0.556917,0.173014,10000.000000,0.000000,10.000000
1991-06,10000.000000,1010000.000000,431701.937675,885590.675715,288515.590279,1605808.203669,0.001771,0.245142,0.568035,0.186823,0.268838,0.551492,0.179670,10000.000000,0.000000,10.000000
1991-07,10000.000000,1020000.000000,435068.618268,899411.981617,292236.542271,1626717.142156,0.006751,0.245142,0.568035,0.186823,0.267452,0.552900,0.179648,10000.000000,0.000000,10.000000
1991-08,10000.000000,1030000.000000,446721.085666,935325.342542,285693.042540,1667739.470749,0.018954,0.245142,0.568035,0.186823,0.267860,0.560834,0.171306,10000.000000,0.000000,10.000000
1991-09,10000.000000,1040000.000000,445364.415022,961510.569186,286060.495696,1692935.479904,0.009057,0.245142,0.568035,0.186823,0.263072,0.567955,0.168973,10000.000000,0.000000,10.000000
1991-10,10000.000000,1050000.000000,446170.781642,977152.311329,302963.341103,1726286.434074,0.013712,0.245142,0.568035,0.186823,0.258457,0.566043,0.175500,10000.000000,0.000000,10.000000
1991-11,10000.000000,1060000.000000,446238.684227,993758.815363,310838.444704,1750835.944295,0.008380,0.245142,0.568035,0.186823,0.254872,0.567591,0.177537,10000.000000,0.000000,10.000000
1991-12,10000.000000,1070000.000000,450409.082717,1025677.058483,319977.696874,1796063.838074,0.020006,0.245142,0.568035,0.186823,0.250776,0.571069,0.178155,10000.000000,0.000000,10.000000
1992-01,10000.000000,1080000.000000,483547.622758,1036204.995122,322556.100328,1842308.718208,0.020068,0.245142,0.568035,0.186823,0.262468,0.562449,0.175083,10000.000000,0.000000,10.000000
1992-02,10000.000000,1090000.000000,480639.651381,1025351.487758,327034.634398,1833025.773537,-0.010410,0.238525,0.574827,0.186649,0.262211,0.559376,0.178412,10000.000000,0.000000,10.000000
1992-03,10000.000000,1100000.000000,475771.179809,1024099.555441,321024.834204,1820895.569455,-0.012008,0.238525,0.574827,0.186649,0.261284,0.562415,0.176301,10000.000000,0.000000,10.000000
1992-04,10000.000000,1110000.000000,477026.051872,1040616.393661,320517.142713,1838159.588245,0.003967,0.238525,0.574827,0.186649,0.259513,0.566119,0.174369,10000.000000,0.000000,10.000000
1992-05,10000.000000,1120000.000000,486889.985743,1058367.620503,323883.782373,1869141.388618,0.011353,0.238525,0.574827,0.186649,0.260489,0.566232,0.173279,10000.000000,0.000000,10.000000
1992-06,10000.000000,1130000.000000,480416.062372,1079037.779954,333309.880905,1892763.723231,0.007249,0.238525,0.574827,0.186649,0.253817,0.570086,0.176097,10000.000000,0.000000,10.000000
1992-07,10000.000000,1140000.000000,489599.683326,1121980.761988,351220.949224,1962801.394538,0.031553,0.238525,0.574827,0.186649,0.249439,0.571622,0.178939,10000.000000,0.000000,10.000000
1992-08,10000.000000,1150000.000000,494207.836345,1152800.883381,346958.111132,1993966.830858,0.010729,0.238525,0.574827,0.186649,0.247852,0.578144,0.174004,10000.000000,0.000000,10.000000
1992-09,10000.000000,1160000.000000,496074.390660,1173339.242676,359037.706538,2028451.339874,0.012218,0.238525,0.574827,0.186649,0.244558,0.578441,0.177001,10000.000000,0.000000,10.000000
1992-10,10000.000000,1170000.000000,490208.108743,1165255.496255,367966.227158,2023429.832155,-0.007369,0.238525,0.574827,0.186649,0.242266,0.575881,0.181853,10000.000000,0.000000,10.000000
1992-11,10000.000000,1180000.000000,503720.193592,1150808.823917,365757.927018,2020286.944527,-0.006463,0.238525,0.574827,0.186649,0.249331,0.569626,0.181043,10000.000000,0.000000,10.000000
1992-12,10000.000000,1190000.000000,520195.326376,1171197.341167,370236.240041,2061628.907584,0.015437,0.238525,0.574827,0.186649,0.252322,0.568093,0.179584,10000.000000,0.000000,10.000000
1993-01,10000.000000,1200000.000000,520936.134450,1197662.664776,368078.134058,2086676.933284,0.007264,0.238525,0.574827,0.186649,0.249649,0.573957,0.176394,10000.000000,0.000000,10.000000
1993-02,10000.000000,1210000.000000,532045.489901,1233993.109999,375982.771762,2142021.371661,0.021627,0.256621,0.536997,0.206382,0.248385,0.576088,0.175527,10000.000000,0.000000,10.000000
1993-03,10000.000000,1220000.000000,545818.915434,1265992.738821,384860.234655,2196671.888910,0.020748,0.256621,0.536997,0.206382,0.248475,0.576323,0.175202,10000.000000,0.000000,10.000000
1993-04,10000.000000,1230000.000000,540710.736281,1273233.093530,406887.272523,2220831.102334,0.006417,0.256621,0.536997,0.206382,0.243472,0.573314,0.183214,10000.000000,0.000000,10.000000
1993-05,10000.000000,1240000.000000,548378.886584,1272984.543432,443362.258655,2264725.688671,0.015194,0.256621,0.536997,0.206382,0.242139,0.562092,0.195769,10000.000000,0.000000,10.000000
1993-06,10000.000000,1250000.000000,558924.264158,1286929.192529,453704.895448,2299558.352136,0.010917,0.256621,0.536997,0.206382,0.243057,0.559642,0.197301,10000.000000,0.000000,10.000000
1993-07,10000.000000,1260000.000000,565219.687852,1307712.262773,482359.835666,2355291.786292,0.019802,0.256621,0.536997,0.206382,0.239979,0.555223,0.204798,10000.000000,0.000000,10.000000
1993-08,10000.000000,1270000.000000,584115.487154,1326793.341499,467539.136651,2378447.965304,0.005562,0.256621,0.536997,0.206382,0.245587,0.557840,0.196573,10000.000000,0.000000,10.000000
1993-09,10000.000000,1280000.000000,597414.827323,1365399.540044,442318.702060,2405133.069428,0.006986,0.256621,0.536997,0.206382,0.248392,0.567702,0.183906,10000.000000,0.000000,10.000000
1993-10,10000.000000,1290000.000000,607716.084985,1374616.289341,460862.742977,2443195.117303,0.011619,0.256621,0.536997,0.206382,0.248738,0.562631,0.188631,10000.000000,0.000000,10.000000
1993-11,10000.000000,1300000.000000,611004.769172,1340567.393881,480462.346960,2432034.510014,-0.008626,0.256621,0.536997,0.206382,0.251232,0.551212,0.197556,10000.000000,0.000000,10.000000
1993-12,10000.000000,1310000.000000,620456.372632,1341943.688513,498168.705646,2460568.766791,0.007590,0.256621,0.536997,0.206382,0.252160,0.545379,0.202461,10000.000000,0.000000,10.000000
1994-01,10000.000000,1320000.000000,636679.871822,1350397.942919,508055.275973,2495133.090714,0.009943,0.256621,0.536997,0.206382,0.255169,0.541213,0.203619,10000.000000,0.000000,10.000000
1994-02,10000.000000,1330000.000000,636195.359215,1334868.831227,511360.012356,2482424.202798,-0.009065,0.232039,0.519134,0.248827,0.256280,0.537728,0.205992,10000.000000,0.000000,10.000000
1994-03,10000.000000,1340000.000000,627134.579002,1292264.471327,524087.542106,2443486.592435,-0.019635,0.232039,0.519134,0.248827,0.256656,0.528861,0.214483,10000.000000,0.000000,10.000000
1994-04,10000.000000,1350000.000000,606145.821133,1254441.484190,524349.432337,2384936.737660,-0.027940,0.232039,0.519134,0.248827,0.254156,0.525985,0.219859,10000.000000,0.000000,10.000000
1994-05,10000.000000,1360000.000000,612557.753062,1243260.825024,540016.667726,2395835.245813,0.000375,0.232039,0.519134,0.248827,0.255676,0.518926,0.225398,10000.000000,0.000000,10.000000
1994-06,10000.000000,1370000.000000,619342.888298,1258584.735723,556336.149503,2434263.773524,0.011816,0.232039,0.519134,0.248827,0.254427,0.517029,0.228544,10000.000000,0.000000,10.000000
1994-07,10000.000000,1380000.000000,616126.752171,1250125.589739,563212.033112,2429464.375023,-0.006055,0.232039,0.519134,0.248827,0.253606,0.514568,0.231826,10000.000000,0.000000,10.000000
1994-08,10000.000000,1390000.000000,635113.655745,1265706.040311,563090.293809,2463909.989864,0.010021,0.232039,0.519134,0.248827,0.257767,0.513698,0.228535,10000.000000,0.000000,10.000000
1994-09,10000.000000,1400000.000000,640302.899358,1256656.032095,588488.057408,2485446.988860,0.004663,0.232039,0.519134,0.248827,0.257621,0.505606,0.236774,10000.000000,0.000000,10.000000
1994-10,10000.000000,1410000.000000,637457.355172,1245787.327047,590013.240962,2473257.923180,-0.008892,0.232039,0.519134,0.248827,0.257740,0.503703,0.238557,10000.000000,0.000000,10.000000
1994-11,10000.000000,1420000.000000,635096.944883,1241297.885096,584788.113398,2461182.943378,-0.008890,0.232039,0.519134,0.248827,0.258045,0.504350,0.237604,10000.000000,0.000000,10.000000
1994-12,10000.000000,1430000.000000,628580.173762,1268112.576386,581316.876382,2478009.626531,0.002763,0.232039,0.519134,0.248827,0.253663,0.511746,0.234590,10000.000000,0.000000,10.000000
1995-01,10000.000000,1440000.000000,643985.179186,1282824.757845,587479.213221,2514289.150252,0.010562,0.232039,0.519134,0.248827,0.256130,0.510214,0.233656,10000.000000,0.000000,10.000000
1995-02,10000.000000,1450000.000000,668752.194422,1318647.816041,594156.010743,2581556.021206,0.022686,0.255850,0.468660,0.275491,0.259050,0.510796,0.230154,10000.000000,0.000000,10.000000
1995-03,10000.000000,1460000.000000,685857.365915,1351780.219543,612166.328085,2649803.913544,0.022476,0.255850,0.468660,0.275491,0.258833,0.510143,0.231023,10000.000000,0.000000,10.000000
1995-04,10000.000000,1470000.000000,707908.811503,1373220.076563,636822.303175,2717951.191242,0.021861,0.255850,0.468660,0.275491,0.260457,0.505241,0.234302,10000.000000,0.000000,10.000000
1995-05,10000.000000,1480000.000000,731605.217636,1423713.336815,636894.305584,2792212.860035,0.023557,0.255850,0.468660,0.275491,0.262016,0.509887,0.228097,10000.000000,0.000000,10.000000
1995-06,10000.000000,1490000.000000,754856.025032,1479616.838009,651932.715360,2886405.578401,0.030045,0.255850,0.468660,0.275491,0.261521,0.512616,0.225863,10000.000000,0.000000,10.000000
1995-07,10000.000000,1500000.000000,781631.692912,1475339.690992,658518.416929,2915489.800833,0.006589,0.255850,0.468660,0.275491,0.268096,0.506035,0.225869,10000.000000,0.000000,10.000000
1995-08,10000.000000,1510000.000000,785639.747213,1460656.853348,665052.315719,2911348.916280,-0.004834,0.255850,0.468660,0.275491,0.269854,0.501711,0.228434,10000.000000,0.000000,10.000000
1995-09,10000.000000,1520000.000000,814844.403981,1499582.607257,673292.059992,2987719.071230,0.022719,0.255850,0.468660,0.275491,0.272731,0.501916,0.225353,10000.000000,0.000000,10.000000
1995-10,10000.000000,1530000.000000,822277.662093,1525031.495093,683289.780619,3030598.937805,0.010968,0.255850,0.468660,0.275491,0.271325,0.503211,0.225464,10000.000000,0.000000,10.000000
1995-11,10000.000000,1540000.000000,841667.367027,1545144.644098,696907.799307,3083719.810433,0.014182,0.255850,0.468660,0.275491,0.272939,0.501065,0.225996,10000.000000,0.000000,10.000000
1995-12,10000.000000,1550000.000000,870189.822826,1578244.683824,710577.754165,3159012.260815,0.021105,0.255850,0.468660,0.275491,0.275463,0.499601,0.224937,10000.000000,0.000000,10.000000
1996-01,10000.000000,1560000.000000,871601.827041,1592864.209277,742918.904692,3207384.941010,0.012109,0.255850,0.468660,0.275491,0.271748,0.496624,0.231628,10000.000000,0.000000,10.000000
1996-02,10000.000000,1570000.000000,923061.764031,1581351.551189,764238.615135,3268651.930355,0.015934,0.260501,0.466355,0.273144,0.282398,0.483793,0.233809,10000.000000,0.000000,10.000000
1996-03,10000.000000,1580000.000000,921206.397043,1535884.258846,757031.005320,3214121.661209,-0.019682,0.260501,0.466355,0.273144,0.286612,0.477855,0.235533,10000.000000,0.000000,10.000000
1996-04,10000.000000,1590000.000000,923018.697690,1517279.610461,761217.801495,3201516.109646,-0.007011,0.260501,0.466355,0.273144,0.288307,0.473925,0.237768,10000.000000,0.000000,10.000000
1996-05,10000.000000,1600000.000000,944751.240198,1500560.919622,769253.019360,3214565.179179,0.000949,0.260501,0.466355,0.273144,0.293897,0.466801,0.239302,10000.000000,0.000000,10.000000
1996-06,10000.000000,1610000.000000,956827.796105,1491168.747393,765058.948815,3213055.492312,-0.003569,0.260501,0.466355,0.273144,0.297794,0.464097,0.238109,10000.000000,0.000000,10.000000
1996-07,10000.000000,1620000.000000,923560.199914,1504934.335599,770098.305749,3198592.841262,-0.007590,0.260501,0.466355,0.273144,0.288740,0.470499,0.240762,10000.000000,0.000000,10.000000
1996-08,10000.000000,1630000.000000,951963.663541,1538399.747113,788243.086570,3278606.497224,0.021821,0.260501,0.466355,0.273144,0.290356,0.469224,0.240420,10000.000000,0.000000,10.000000
1996-09,10000.000000,1640000.000000,971225.855917,1526098.492749,789990.107676,3287314.456342,-0.000393,0.260501,0.466355,0.273144,0.295447,0.464239,0.240315,10000.000000,0.000000,10.000000
1996-10,10000.000000,1650000.000000,1011232.418781,1568795.172147,794864.862683,3374892.453611,0.023528,0.260501,0.466355,0.273144,0.299634,0.464843,0.235523,10000.000000,0.000000,10.000000
1996-11,10000.000000,1660000.000000,1062317.571370,1615973.759691,797830.299018,3476121.630080,0.026952,0.260501,0.466355,0.273144,0.305604,0.464878,0.229517,10000.000000,0.000000,10.000000
1996-12,10000.000000,1670000.000000,1075043.463547,1613129.399234,788011.565639,3476184.428420,-0.002851,0.260501,0.466355,0.273144,0.309260,0.464052,0.226689,10000.000000,0.000000,10.000000
1997-01,10000.000000,1680000.000000,1110060.250210,1589778.082782,767043.462345,3466881.795337,-0.005537,0.260501,0.466355,0.273144,0.320190,0.458561,0.221249,10000.000000,0.000000,10.000000
1997-02,10000.000000,1690000.000000,1158468.466293,1616938.812909,759530.440220,3534937.719421,0.016698,0.290354,0.453372,0.256275,0.327720,0.457416,0.214864,10000.000000,0.000000,10.000000
1997-03,10000.000000,1700000.000000,1151240.024669,1594307.326471,780616.571563,3526163.922704,-0.005296,0.290354,0.453372,0.256275,0.326485,0.452136,0.221378,10000.000000,0.000000,10.000000
1997-04,10000.000000,1710000.000000,1112034.325022,1581207.239823,771999.977995,3465241.542840,-0.020056,0.290354,0.453372,0.256275,0.320911,0.456305,0.222784,10000.000000,0.000000,10.000000
1997-05,10000.000000,1720000.000000,1214536.274929,1610653.886588,781997.727792,3607187.889309,0.037968,0.290354,0.453372,0.256275,0.336699,0.446512,0.216789,10000.000000,0.000000,10.000000
1997-06,10000.000000,1730000.000000,1279350.413609,1646989.186162,783423.339494,3709762.939265,0.025593,0.290354,0.453372,0.256275,0.344860,0.443961,0.211179,10000.000000,0.000000,10.000000
1997-07,10000.000000,1740000.000000,1141872.450097,1728692.032560,905657.222014,3776221.704671,0.015178,0.290354,0.453372,0.256275,0.302385,0.457784,0.239832,209303.215232,199303.215232,408.606430
1997-08,10000.000000,1750000.000000,1145840.730521,1727562.834610,915654.803621,3789058.368753,0.000749,0.290354,0.453372,0.256275,0.302408,0.455935,0.241658,10000.000000,0.000000,10.000000
1997-09,10000.000000,1760000.000000,1159496.191626,1748012.853796,922795.415105,3830304.460527,0.008225,0.290354,0.453372,0.256275,0.302716,0.456364,0.240920,10000.000000,0.000000,10.000000
1997-10,10000.000000,1770000.000000,1178571.194724,1780284.209052,938568.793674,3897424.197449,0.014874,0.290354,0.453372,0.256275,0.302397,0.456785,0.240818,10000.000000,0.000000,10.000000
1997-11,10000.000000,1780000.000000,1164990.566288,1809077.598981,893111.715515,3867179.880784,-0.010299,0.290354,0.453372,0.256275,0.301251,0.467803,0.230947,10000.000000,0.000000,10.000000
1997-12,10000.000000,1790000.000000,1195680.521895,1827381.908908,852936.638522,3875999.069325,-0.000305,0.290354,0.453372,0.256275,0.308483,0.471461,0.220056,10000.000000,0.000000,10.000000
1998-01,10000.000000,1800000.000000,1198512.252743,1873484.290666,862934.417892,3934930.961300,0.012592,0.290354,0.453372,0.256275,0.304583,0.476116,0.219301,10000.000000,0.000000,10.000000
1998-02,10000.000000,1810000.000000,1285624.299045,1877890.274458,887066.456865,4050581.030368,0.026781,0.345769,0.434453,0.219778,0.317393,0.463610,0.218997,10000.000000,0.000000,10.000000
1998-03,10000.000000,1820000.000000,1363999.798639,1875314.805541,884509.065206,4123823.669386,0.015575,0.345769,0.434453,0.219778,0.330761,0.454751,0.214488,10000.000000,0.000000,10.000000
1998-04,10000.000000,1830000.000000,1418011.611724,1885549.500602,923161.454716,4226722.567042,0.022473,0.345769,0.434453,0.219778,0.335487,0.446102,0.218411,10000.000000,0.000000,10.000000
1998-05,10000.000000,1840000.000000,1423390.320951,1892990.426429,897594.377339,4213975.124719,-0.005369,0.345769,0.434453,0.219778,0.337779,0.449217,0.213004,10000.000000,0.000000,10.000000
1998-06,10000.000000,1850000.000000,1430521.530528,1923381.487699,881001.750084,4234904.768311,0.002588,0.345769,0.434453,0.219778,0.337793,0.454173,0.208033,10000.000000,0.000000,10.000000
1998-07,10000.000000,1860000.000000,1498791.245190,1938023.953033,889860.968947,4326676.167170,0.019263,0.345769,0.434453,0.219778,0.346407,0.447924,0.205668,10000.000000,0.000000,10.000000
1998-08,10000.000000,1870000.000000,1394408.514718,1964563.839304,872112.605795,4231084.959817,-0.024348,0.345769,0.434453,0.219778,0.329563,0.464317,0.206120,10000.000000,0.000000,10.000000
1998-09,10000.000000,1880000.000000,1331289.862563,2054658.921593,892088.433462,4278037.217618,0.008713,0.345769,0.434453,0.219778,0.311192,0.480281,0.208528,10000.000000,0.000000,10.000000
1998-10,10000.000000,1890000.000000,1356073.592104,2108440.578149,916249.440191,4380763.610444,0.021624,0.345769,0.434453,0.219778,0.309552,0.481295,0.209153,10000.000000,0.000000,10.000000
1998-11,10000.000000,1900000.000000,1513423.000823,2067017.621603,912352.485760,4492793.108186,0.023237,0.345769,0.434453,0.219778,0.336856,0.460074,0.203070,10000.000000,0.000000,10.000000
1998-12,10000.000000,1910000.000000,1579282.108192,2104624.751585,912498.155643,4596405.015421,0.020790,0.345769,0.434453,0.219778,0.343591,0.457885,0.198524,10000.000000,0.000000,10.000000
1999-01,10000.000000,1920000.000000,1660243.937528,2101215.265006,905532.095539,4666991.298073,0.013153,0.345769,0.434453,0.219778,0.355742,0.450229,0.194029,10000.000000,0.000000,10.000000
1999-02,10000.000000,1930000.000000,1376738.836489,2258436.335190,999509.294770,4634684.466448,-0.009046,0.294597,0.491669,0.213734,0.297051,0.487290,0.215659,292416.721313,282416.721313,574.833443
1999-03,10000.000000,1940000.000000,1416984.883274,2237910.840288,996024.540099,4650920.263662,0.001343,0.294597,0.491669,0.213734,0.304668,0.481176,0.214156,10000.000000,0.000000,10.000000
1999-04,10000.000000,1950000.000000,1477203.883203,2266301.977362,985606.323490,4729112.184055,0.014631,0.294597,0.491669,0.213734,0.312364,0.479224,0.208413,10000.000000,0.000000,10.000000
1999-05,10000.000000,1960000.000000,1475740.819094,2221310.117092,964149.028920,4661199.965106,-0.016440,0.294597,0.491669,0.213734,0.316601,0.476553,0.206846,10000.000000,0.000000,10.000000
1999-06,10000.000000,1970000.000000,1466709.583852,2178891.067903,914701.891343,4560302.543098,-0.023741,0.294597,0.491669,0.213734,0.321625,0.477795,0.200579,10000.000000,0.000000,10.000000
1999-07,10000.000000,1980000.000000,1533036.513049,2212792.061139,901853.116018,4647681.690206,0.016931,0.294597,0.491669,0.213734,0.329850,0.476107,0.194044,10000.000000,0.000000,10.000000
1999-08,10000.000000,1990000.000000,1475170.630341,2203348.580919,910875.424454,4589394.635714,-0.014661,0.294597,0.491669,0.213734,0.321430,0.480096,0.198474,10000.000000,0.000000,10.000000
1999-09,10000.000000,2000000.000000,1466345.671058,2222005.941514,944943.015430,4633294.628002,0.007371,0.294597,0.491669,0.213734,0.316480,0.479574,0.203946,10000.000000,0.000000,10.000000
1999-10,10000.000000,2010000.000000,1447683.729833,2207477.846180,1114107.460591,4769269.036604,0.027130,0.294597,0.491669,0.213734,0.303544,0.462855,0.233601,10000.000000,0.000000,10.000000
1999-11,10000.000000,2020000.000000,1550552.167497,2241861.109768,1049623.164462,4842036.441727,0.013133,0.294597,0.491669,0.213734,0.320227,0.463000,0.216773,10000.000000,0.000000,10.000000
1999-12,10000.000000,2030000.000000,1594099.721466,2222081.116398,1013797.761811,4829978.599674,-0.004546,0.294597,0.491669,0.213734,0.330043,0.460060,0.209897,10000.000000,0.000000,10.000000
2000-01,10000.000000,2040000.000000,1592200.521152,2181773.976282,1018541.660552,4792516.157986,-0.009806,0.294597,0.491669,0.213734,0.332226,0.455246,0.212528,10000.000000,0.000000,10.000000
2000-02,10000.000000,2050000.000000,1558484.597815,2220105.934104,1075922.050846,4854512.582766,0.010827,0.339906,0.460141,0.199953,0.321038,0.457328,0.221633,10000.000000,0.000000,10.000000
2000-03,10000.000000,2060000.000000,1628618.872529,2275985.818409,1025710.242992,4930314.933930,0.013527,0.339906,0.460141,0.199953,0.330328,0.461631,0.208042,10000.000000,0.000000,10.000000
2000-04,10000.000000,2070000.000000,1661960.338004,2333307.215089,1004189.814643,4999457.367737,0.011971,0.339906,0.460141,0.199953,0.332428,0.466712,0.200860,10000.000000,0.000000,10.000000
2000-05,10000.000000,2080000.000000,1624493.585387,2268867.310514,986255.887745,4879616.783645,-0.025919,0.339906,0.460141,0.199953,0.332914,0.464968,0.202117,10000.000000,0.000000,10.000000
2000-06,10000.000000,2090000.000000,1686197.014529,2337809.844777,1025704.025531,5049710.884837,0.032742,0.339906,0.460141,0.199953,0.333920,0.462959,0.203121,10000.000000,0.000000,10.000000
2000-07,10000.000000,2100000.000000,1710617.109280,2358311.165970,1011356.519927,5080284.795177,0.004066,0.339906,0.460141,0.199953,0.336717,0.464208,0.199075,10000.000000,0.000000,10.000000
2000-08,10000.000000,2110000.000000,1734279.517164,2408855.135559,986762.705755,5129897.358479,0.007782,0.339906,0.460141,0.199953,0.338073,0.469572,0.192355,10000.000000,0.000000,10.000000
2000-09,10000.000000,2120000.000000,1717906.566026,2425945.530666,992677.748099,5136529.844791,-0.000655,0.339906,0.460141,0.199953,0.334449,0.472293,0.193258,10000.000000,0.000000,10.000000
2000-10,10000.000000,2130000.000000,1632720.447782,2448556.989814,983471.563252,5064749.000847,-0.015890,0.339906,0.460141,0.199953,0.322369,0.483451,0.194180,10000.000000,0.000000,10.000000
2000-11,10000.000000,2140000.000000,1627515.184522,2463931.888262,971392.754673,5062839.827457,-0.002347,0.339906,0.460141,0.199953,0.321463,0.486670,0.191867,10000.000000,0.000000,10.000000
2000-12,10000.000000,2150000.000000,1580174.006435,2566239.457509,992781.213827,5139194.677772,0.013080,0.339906,0.460141,0.199953,0.307475,0.499347,0.193178,10000.000000,0.000000,10.000000
2001-01,10000.000000,2160000.000000,1595618.622050,2593220.584869,972539.136916,5161378.343835,0.002366,0.339906,0.460141,0.199953,0.309146,0.502428,0.188426,10000.000000,0.000000,10.000000
2001-02,10000.000000,2170000.000000,1568307.626702,2616359.578424,964566.068886,5149233.274012,-0.004282,0.332368,0.469001,0.198631,0.304571,0.508107,0.187322,10000.000000,0.000000,10.000000
2001-03,10000.000000,2180000.000000,1432346.899377,2670243.874953,971170.565330,5073761.339661,-0.016567,0.332368,0.469001,0.198631,0.282305,0.526285,0.191410,10000.000000,0.000000,10.000000
2001-04,10000.000000,2190000.000000,1697066.110394,2347875.865849,998161.231304,5043103.207546,-0.007998,0.332368,0.469001,0.198631,0.336512,0.465562,0.197926,295955.491985,285955.491985,581.910984
2001-05,10000.000000,2200000.000000,1813809.349855,2321164.272016,1046330.984705,5181304.606576,0.025371,0.332368,0.469001,0.198631,0.350068,0.447988,0.201944,10000.000000,0.000000,10.000000
2001-06,10000.000000,2210000.000000,1770480.346064,2361230.693658,1038635.375029,5170346.414751,-0.004037,0.332368,0.469001,0.198631,0.342430,0.456687,0.200883,10000.000000,0.000000,10.000000
2001-07,10000.000000,2220000.000000,1723378.223099,2388922.861352,1030939.786864,5143240.871315,-0.007163,0.332368,0.469001,0.198631,0.335076,0.464478,0.200446,10000.000000,0.000000,10.000000
2001-08,10000.000000,2230000.000000,1688117.403451,2459624.222759,1046324.914205,5194066.540415,0.007922,0.332368,0.469001,0.198631,0.325009,0.473545,0.201446,10000.000000,0.000000,10.000000
2001-09,10000.000000,2240000.000000,1507121.724151,2516105.519010,1088637.436498,5111864.679659,-0.017717,0.332368,0.469001,0.198631,0.294828,0.492209,0.212963,10000.000000,0.000000,10.000000
2001-10,10000.000000,2250000.000000,1565424.308965,2557832.651191,1088635.311027,5211892.271183,0.017577,0.332368,0.469001,0.198631,0.300356,0.490769,0.208875,10000.000000,0.000000,10.000000
2001-11,10000.000000,2260000.000000,1655029.630004,2551458.838534,1061705.905195,5268194.373733,0.008867,0.332368,0.469001,0.198631,0.314155,0.484314,0.201531,10000.000000,0.000000,10.000000
2001-12,10000.000000,2270000.000000,1689436.579454,2474766.661031,1061703.893701,5225907.134185,-0.009906,0.332368,0.469001,0.198631,0.323281,0.473557,0.203162,10000.000000,0.000000,10.000000
2002-01,10000.000000,2280000.000000,1694374.307622,2494823.691115,1084782.340850,5273980.339587,0.007272,0.332368,0.469001,0.198631,0.321271,0.473044,0.205686,10000.000000,0.000000,10.000000
2002-02,10000.000000,2290000.000000,1637562.751978,2540663.260563,1138634.628342,5316860.640883,0.006223,0.282025,0.522646,0.195329,0.307994,0.477850,0.214155,10000.000000,0.000000,10.000000
2002-03,10000.000000,2300000.000000,1718541.441672,2488959.548703,1130939.024339,5338440.014714,0.002174,0.282025,0.522646,0.195329,0.321918,0.466233,0.211848,10000.000000,0.000000,10.000000
2002-04,10000.000000,2310000.000000,1455216.929169,2822328.520911,1076565.269194,5354110.719274,0.001060,0.282025,0.522646,0.195329,0.271794,0.527133,0.201073,306382.267030,296382.267030,602.764534
2002-05,10000.000000,2320000.000000,1423889.721332,2845423.693053,1115646.416559,5384959.830945,0.003887,0.282025,0.522646,0.195329,0.264420,0.528402,0.207178,10000.000000,0.000000,10.000000
2002-06,10000.000000,2330000.000000,1348987.212703,2908502.397978,1140515.396924,5398005.007605,0.000564,0.282025,0.522646,0.195329,0.249905,0.538811,0.211285,10000.000000,0.000000,10.000000
2002-07,10000.000000,2340000.000000,1212778.344448,2984561.139126,1112089.278960,5309428.762535,-0.018228,0.282025,0.522646,0.195329,0.228420,0.562125,0.209456,10000.000000,0.000000,10.000000
2002-08,10000.000000,2350000.000000,1517133.625018,2877603.925733,1028970.971165,5423708.521915,0.019604,0.282025,0.522646,0.195329,0.279723,0.530560,0.189717,287432.138465,277432.138465,564.864277
2002-09,10000.000000,2360000.000000,1448006.294319,2979512.957891,1065830.378589,5493349.630798,0.010976,0.282025,0.522646,0.195329,0.263593,0.542385,0.194022,10000.000000,0.000000,10.000000
2002-10,10000.000000,2370000.000000,1437276.325130,2972131.951737,1059947.888758,5469356.165625,-0.006177,0.282025,0.522646,0.195329,0.262787,0.543415,0.193798,10000.000000,0.000000,10.000000
2002-11,10000.000000,2380000.000000,1542233.418759,2955401.123238,1067511.495640,5565146.037637,0.015657,0.282025,0.522646,0.195329,0.277124,0.531055,0.191821,10000.000000,0.000000,10.000000
2002-12,10000.000000,2390000.000000,1532042.840550,2970163.018960,1115347.176334,5617553.035843,0.007606,0.282025,0.522646,0.195329,0.272724,0.528729,0.198547,10000.000000,0.000000,10.000000
2003-01,10000.000000,2400000.000000,1538608.783593,2975320.469251,1199332.025946,5713261.278790,0.015230,0.282025,0.522646,0.195329,0.269305,0.520774,0.209921,10000.000000,0.000000,10.000000
2003-02,10000.000000,2410000.000000,1269133.027969,3324349.525924,1099431.284536,5692913.838428,-0.005302,0.236974,0.571978,0.191048,0.222932,0.583945,0.193123,298257.141706,288257.141706,586.514283
2003-03,10000.000000,2420000.000000,1295860.510977,3359664.948219,1044304.760339,5699830.219535,-0.000541,0.236974,0.571978,0.191048,0.227351,0.589432,0.183217,10000.000000,0.000000,10.000000
2003-04,10000.000000,2430000.000000,1370161.279064,3329326.348760,1008805.448968,5708293.076792,-0.000269,0.236974,0.571978,0.191048,0.240030,0.583244,0.176726,10000.000000,0.000000,10.000000
2003-05,10000.000000,2440000.000000,1442944.627562,3447945.581903,1105774.708350,5996664.917816,0.048681,0.236974,0.571978,0.191048,0.240625,0.574977,0.184398,10000.000000,0.000000,10.000000
2003-06,10000.000000,2450000.000000,1525250.319298,3527598.837125,1115772.850789,6168622.007212,0.026963,0.236974,0.571978,0.191048,0.247259,0.571862,0.180879,10000.000000,0.000000,10.000000
2003-07,10000.000000,2460000.000000,1534336.817900,3351875.151474,1109067.002517,5995278.971891,-0.029674,0.236974,0.571978,0.191048,0.255924,0.559086,0.184990,10000.000000,0.000000,10.000000
2003-08,10000.000000,2470000.000000,1531782.296800,3244392.816270,1140736.836811,5916911.949882,-0.014715,0.236974,0.571978,0.191048,0.258882,0.548325,0.192793,10000.000000,0.000000,10.000000
2003-09,10000.000000,2480000.000000,1580202.041576,3313412.929370,1200940.368369,6094555.339315,0.028285,0.236974,0.571978,0.191048,0.259281,0.543668,0.197051,10000.000000,0.000000,10.000000
2003-10,10000.000000,2490000.000000,1612243.195780,3329910.230473,1200938.401083,6143091.827337,0.006313,0.236974,0.571978,0.191048,0.262448,0.542058,0.195494,10000.000000,0.000000,10.000000
2003-11,10000.000000,2500000.000000,1631758.134258,3349171.501924,1235792.128590,6216721.764773,0.010341,0.236974,0.571978,0.191048,0.262479,0.538736,0.198785,10000.000000,0.000000,10.000000
2003-12,10000.000000,2510000.000000,1681749.402289,3379281.297682,1289657.914999,6350688.614970,0.019909,0.236974,0.571978,0.191048,0.264814,0.532113,0.203074,10000.000000,0.000000,10.000000
2004-01,10000.000000,2520000.000000,1764740.304956,3434125.614138,1311836.704856,6510702.623951,0.023585,0.236974,0.571978,0.191048,0.271052,0.527459,0.201489,10000.000000,0.000000,10.000000
2004-02,10000.000000,2530000.000000,1783914.331475,3475533.051738,1283316.548123,6542763.931336,0.003383,0.259103,0.547886,0.193011,0.272655,0.531203,0.196143,10000.000000,0.000000,10.000000
2004-03,10000.000000,2540000.000000,1755989.878102,3568715.115043,1289651.943626,6614356.936771,0.009400,0.259103,0.547886,0.193011,0.265482,0.539541,0.194978,10000.000000,0.000000,10.000000
2004-04,10000.000000,2550000.000000,1772987.589357,3441525.315487,1276975.303728,6491488.208572,-0.020058,0.259103,0.547886,0.193011,0.273125,0.530160,0.196715,10000.000000,0.000000,10.000000
2004-05,10000.000000,2560000.000000,1727521.044787,3363821.957029,1216768.643742,6308111.645558,-0.029743,0.259103,0.547886,0.193011,0.273857,0.533253,0.192890,10000.000000,0.000000,10.000000
2004-06,10000.000000,2570000.000000,1776885.203982,3384171.848533,1242389.712589,6403446.765104,0.013506,0.259103,0.547886,0.193011,0.277489,0.528492,0.194019,10000.000000,0.000000,10.000000
2004-07,10000.000000,2580000.000000,1737101.944877,3469443.230685,1261403.911803,6467949.087364,0.008498,0.259103,0.547886,0.193011,0.268571,0.536405,0.195024,10000.000000,0.000000,10.000000
2004-08,10000.000000,2590000.000000,1712995.795067,3553817.593829,1270910.021550,6537723.410446,0.009227,0.259103,0.547886,0.193011,0.262017,0.543586,0.194396,10000.000000,0.000000,10.000000
2004-09,10000.000000,2600000.000000,1760659.338211,3619661.755995,1283585.464913,6663906.559119,0.017744,0.259103,0.547886,0.193011,0.264208,0.543174,0.192618,10000.000000,0.000000,10.000000
2004-10,10000.000000,2610000.000000,1762463.045829,3649843.606710,1332262.433775,6744569.086314,0.010588,0.259103,0.547886,0.193011,0.261316,0.541153,0.197531,10000.000000,0.000000,10.000000
2004-11,10000.000000,2620000.000000,1846598.464820,3645838.026373,1392529.393367,6884965.884560,0.019305,0.259103,0.547886,0.193011,0.268207,0.529536,0.202257,10000.000000,0.000000,10.000000
2004-12,10000.000000,2630000.000000,1896960.708021,3656853.176777,1402043.501974,6955857.386772,0.008831,0.259103,0.547886,0.193011,0.272714,0.525723,0.201563,10000.000000,0.000000,10.000000
2005-01,10000.000000,2640000.000000,1871363.810333,3682719.937267,1344944.779670,6899028.527271,-0.009594,0.259103,0.547886,0.193011,0.271250,0.533803,0.194947,10000.000000,0.000000,10.000000
2005-02,10000.000000,2650000.000000,1902822.555594,3720571.877471,1341770.798800,6965165.231865,0.008125,0.251307,0.562297,0.186396,0.273191,0.534169,0.192640,10000.000000,0.000000,10.000000
2005-03,10000.000000,2660000.000000,1897956.448457,3645917.997362,1376661.212481,6920535.658300,-0.007832,0.251307,0.562297,0.186396,0.274250,0.526826,0.198924,10000.000000,0.000000,10.000000
2005-04,10000.000000,2670000.000000,1852233.561365,3716356.073549,1360799.093098,6929388.728011,-0.000165,0.251307,0.562297,0.186396,0.267301,0.536318,0.196381,10000.000000,0.000000,10.000000
2005-05,10000.000000,2680000.000000,1876974.307547,3799940.503295,1338592.978099,7015507.788941,0.010969,0.251307,0.562297,0.186396,0.267546,0.541649,0.190805,10000.000000,0.000000,10.000000
2005-06,10000.000000,2690000.000000,1917902.700045,3866391.231695,1367139.217961,7151433.149701,0.017924,0.251307,0.562297,0.186396,0.268184,0.540646,0.191170,10000.000000,0.000000,10.000000
2005-07,10000.000000,2700000.000000,1952571.645932,3833134.617648,1344933.221755,7130639.485335,-0.004300,0.251307,0.562297,0.186396,0.273828,0.537558,0.188613,10000.000000,0.000000,10.000000
2005-08,10000.000000,2710000.000000,1958622.226571,3831858.990086,1389339.451281,7179820.667937,0.005487,0.251307,0.562297,0.186396,0.272795,0.533698,0.193506,10000.000000,0.000000,10.000000
2005-09,10000.000000,2720000.000000,1964097.565297,3874031.898623,1446433.580761,7284563.044680,0.013177,0.251307,0.562297,0.186396,0.269625,0.531814,0.198561,10000.000000,0.000000,10.000000
2005-10,10000.000000,2730000.000000,1912552.702277,3817398.428603,1490839.579178,7220790.710058,-0.010113,0.251307,0.562297,0.186396,0.264867,0.528668,0.206465,10000.000000,0.000000,10.000000
2005-11,10000.000000,2740000.000000,1988316.531055,3817386.492604,1513041.484850,7318744.508509,0.012164,0.251307,0.562297,0.186396,0.271675,0.521590,0.206735,10000.000000,0.000000,10.000000
2005-12,10000.000000,2750000.000000,2030945.870966,3863134.752308,1617715.103582,7511795.726856,0.024977,0.251307,0.562297,0.186396,0.270368,0.514276,0.215357,10000.000000,0.000000,10.000000
2006-01,10000.000000,2760000.000000,2060732.436033,3902970.323776,1744592.396039,7708295.155848,0.024795,0.251307,0.562297,0.186396,0.267340,0.506334,0.226327,10000.000000,0.000000,10.000000
2006-02,10000.000000,2770000.000000,1957116.901573,4356788.500547,1379631.221157,7693536.623277,-0.003208,0.253643,0.569197,0.177160,0.254385,0.566292,0.179323,490261.997809,480261.997809,970.523996
2006-03,10000.000000,2780000.000000,1986199.781252,4332014.419753,1384601.062866,7702815.263870,-0.000094,0.253643,0.569197,0.177160,0.257854,0.562394,0.179753,10000.000000,0.000000,10.000000
2006-04,10000.000000,2790000.000000,2002053.634075,4268255.689353,1518833.314396,7789142.637825,0.009896,0.253643,0.569197,0.177160,0.257031,0.547975,0.194994,10000.000000,0.000000,10.000000
2006-05,10000.000000,2800000.000000,1986302.212625,4256486.702238,1677923.363350,7920712.278213,0.015588,0.253643,0.569197,0.177160,0.250773,0.537387,0.211840,10000.000000,0.000000,10.000000
2006-06,10000.000000,2810000.000000,1933423.388647,4283752.603418,1481542.311447,7698718.303511,-0.029253,0.253643,0.569197,0.177160,0.251136,0.556424,0.192440,10000.000000,0.000000,10.000000
2006-07,10000.000000,2820000.000000,1949089.693159,4316908.681864,1576001.019499,7841999.394521,0.017290,0.253643,0.569197,0.177160,0.248545,0.550486,0.200969,10000.000000,0.000000,10.000000
2006-08,10000.000000,2830000.000000,1995986.352196,4413796.404748,1573513.204883,7983295.961828,0.016721,0.253643,0.569197,0.177160,0.250020,0.552879,0.197101,10000.000000,0.000000,10.000000
2006-09,10000.000000,2840000.000000,2048432.002117,4495411.843249,1486508.243949,8030352.089316,0.004636,0.253643,0.569197,0.177160,0.255086,0.559803,0.185111,10000.000000,0.000000,10.000000
2006-10,10000.000000,2850000.000000,2122498.881366,4519593.809052,1456676.834824,8098769.525242,0.007266,0.253643,0.569197,0.177160,0.262077,0.558059,0.179864,10000.000000,0.000000,10.000000
2006-11,10000.000000,2860000.000000,2164981.061721,4593911.184120,1561078.361591,8319970.607432,0.026046,0.253643,0.569197,0.177160,0.260215,0.552155,0.187630,10000.000000,0.000000,10.000000
2006-12,10000.000000,2870000.000000,2211487.937267,4636114.166822,1566048.063441,8413650.167530,0.010046,0.253643,0.569197,0.177160,0.262845,0.551023,0.186132,10000.000000,0.000000,10.000000
2007-01,10000.000000,2880000.000000,2226807.079277,4590986.149620,1568531.989473,8386325.218369,-0.004431,0.253643,0.569197,0.177160,0.265528,0.547437,0.187034,10000.000000,0.000000,10.000000
2007-02,10000.000000,2890000.000000,2262345.294679,4633672.615939,1653046.806382,8549064.717000,0.018191,0.235919,0.588558,0.175523,0.264631,0.542009,0.193360,10000.000000,0.000000,10.000000
2007-03,10000.000000,2900000.000000,2206374.760220,4720676.141898,1628187.063959,8555237.966077,-0.000447,0.235919,0.588558,0.175523,0.257898,0.551788,0.190315,10000.000000,0.000000,10.000000
2007-04,10000.000000,2910000.000000,2298604.278125,4700321.379886,1687843.853794,8686769.511805,0.014189,0.235919,0.588558,0.175523,0.264610,0.541090,0.194301,10000.000000,0.000000,10.000000
2007-05,10000.000000,2920000.000000,2376564.524985,4706579.976606,1658012.598502,8741157.100093,0.005104,0.235919,0.588558,0.175523,0.271882,0.538439,0.189679,10000.000000,0.000000,10.000000
2007-06,10000.000000,2930000.000000,2384758.594717,4607999.653105,1630667.205855,8623425.453676,-0.014596,0.235919,0.588558,0.175523,0.276544,0.534358,0.189097,10000.000000,0.000000,10.000000
2007-07,10000.000000,2940000.000000,2048270.198226,5141659.102896,1535989.380191,8725918.681314,0.010713,0.235919,0.588558,0.175523,0.234734,0.589240,0.176026,473271.237246,463271.237246,936.542474
2007-08,10000.000000,2950000.000000,1971797.787149,5296533.283277,1535987.621945,8804318.692372,0.007830,0.235919,0.588558,0.175523,0.223958,0.601584,0.174458,10000.000000,0.000000,10.000000
2007-09,10000.000000,2960000.000000,2041765.017341,5380073.742116,1647858.488265,9069697.247722,0.028973,0.235919,0.588558,0.175523,0.225119,0.593192,0.181688,10000.000000,0.000000,10.000000
2007-10,10000.000000,2970000.000000,2113143.969351,5396072.980475,1744925.368020,9254142.317846,0.019213,0.235919,0.588558,0.175523,0.228346,0.583098,0.188556,10000.000000,0.000000,10.000000
2007-11,10000.000000,2980000.000000,2016929.403789,5586278.872584,1862792.490047,9466000.766420,0.021789,0.235919,0.588558,0.175523,0.213071,0.590141,0.196788,10000.000000,0.000000,10.000000
2007-12,10000.000000,2990000.000000,2052025.103822,5628164.438455,1855857.068892,9536046.611170,0.006337,0.235919,0.588558,0.175523,0.215186,0.590199,0.194615,10000.000000,0.000000,10.000000
2008-01,10000.000000,3000000.000000,1925203.659237,5813979.738667,2056925.354223,9796108.752127,0.026195,0.235919,0.588558,0.175523,0.196527,0.593499,0.209974,10000.000000,0.000000,10.000000
2008-02,10000.000000,3010000.000000,1904935.789373,5832094.047484,2130880.055734,9867909.892591,0.006302,0.236649,0.568532,0.194819,0.193043,0.591016,0.215940,10000.000000,0.000000,10.000000
2008-03,10000.000000,3020000.000000,1864635.508868,5961786.376861,2237190.678426,10063612.564155,0.018800,0.236649,0.568532,0.194819,0.185285,0.592410,0.222305,10000.000000,0.000000,10.000000
2008-04,10000.000000,3030000.000000,2484825.970629,5663064.467285,1844748.704358,9992639.142271,-0.008038,0.236649,0.568532,0.194819,0.248666,0.566724,0.184611,519275.701699,509275.701699,1028.551403
2008-05,10000.000000,3040000.000000,2548499.672515,5589761.282021,1810127.505753,9948388.460290,-0.005424,0.236649,0.568532,0.194819,0.256172,0.561876,0.181952,10000.000000,0.000000,10.000000
2008-06,10000.000000,3050000.000000,2440273.093680,5511959.633279,1816563.493543,9768796.220502,-0.019038,0.236649,0.568532,0.194819,0.249803,0.564241,0.185956,10000.000000,0.000000,10.000000
2008-07,10000.000000,3060000.000000,2291939.433170,5574583.426679,1927650.048405,9794172.908254,0.001572,0.236649,0.568532,0.194819,0.234011,0.569173,0.196816,10000.000000,0.000000,10.000000
2008-08,10000.000000,3070000.000000,2350520.273114,5647812.752395,1720528.445012,9718861.470521,-0.008702,0.236649,0.568532,0.194819,0.241851,0.581119,0.177030,10000.000000,0.000000,10.000000
2008-09,10000.000000,3080000.000000,2236575.657777,5759213.327898,1711963.202874,9707752.188549,-0.002170,0.236649,0.568532,0.194819,0.230391,0.593259,0.176350,10000.000000,0.000000,10.000000
2008-10,10000.000000,3090000.000000,1786990.549515,5720284.489293,1671732.845395,9179007.884204,-0.055439,0.236649,0.568532,0.194819,0.194682,0.623192,0.182126,10000.000000,0.000000,10.000000
2008-11,10000.000000,3100000.000000,1987224.244785,5361748.476710,1687962.000822,9036934.722316,-0.016549,0.236649,0.568532,0.194819,0.219900,0.593315,0.186785,506036.019552,496036.019552,1002.072039
2008-12,10000.000000,3110000.000000,1986953.164792,5899442.971530,1813456.404213,9699852.540534,0.072170,0.236649,0.568532,0.194819,0.204844,0.608199,0.186957,10000.000000,0.000000,10.000000
2009-01,10000.000000,3120000.000000,1973085.436060,5859853.444061,1911132.353287,9744071.233408,0.003524,0.236649,0.568532,0.194819,0.202491,0.601376,0.196133,10000.000000,0.000000,10.000000
2009-02,10000.000000,3130000.000000,1840837.379070,5696237.741909,2108994.131427,9646069.252407,-0.011073,0.185269,0.592298,0.222433,0.190838,0.590524,0.218638,10000.000000,0.000000,10.000000
2009-03,10000.000000,3140000.000000,1736139.133293,5738091.847583,2072649.993627,9546880.974503,-0.011308,0.185269,0.592298,0.222433,0.181854,0.601044,0.217102,10000.000000,0.000000,10.000000
2009-04,10000.000000,3150000.000000,1954478.924756,5697590.450213,2002224.020552,9654293.395521,0.010193,0.185269,0.592298,0.222433,0.202447,0.590161,0.207392,10000.000000,0.000000,10.000000
2009-05,10000.000000,3160000.000000,2084641.585115,5540620.322014,2098805.159303,9724067.066432,0.006185,0.185269,0.592298,0.222433,0.214380,0.569784,0.215836,10000.000000,0.000000,10.000000
2009-06,10000.000000,3170000.000000,2144444.851507,5367195.683790,2139530.443749,9651170.979045,-0.008516,0.185269,0.592298,0.222433,0.222195,0.556119,0.221686,10000.000000,0.000000,10.000000
2009-07,10000.000000,3180000.000000,2171840.931584,5464952.549347,2112643.899147,9749437.380078,0.009136,0.185269,0.592298,0.222433,0.222766,0.560540,0.216694,10000.000000,0.000000,10.000000
2009-08,10000.000000,3190000.000000,2348208.189352,5476028.936949,2148152.456602,9972389.582903,0.021820,0.185269,0.592298,0.222433,0.235471,0.549119,0.215410,10000.000000,0.000000,10.000000
2009-09,10000.000000,3200000.000000,2433923.404397,5588111.619547,2257366.263826,10279401.287770,0.029754,0.185269,0.592298,0.222433,0.236777,0.543622,0.219601,10000.000000,0.000000,10.000000
2009-10,10000.000000,3210000.000000,1951914.913546,6116119.904148,2395039.866995,10463074.684690,0.016879,0.185269,0.592298,0.222433,0.186553,0.584543,0.228904,537616.995259,527616.995259,1065.233991
2009-11,10000.000000,3220000.000000,1992792.472300,6138299.875781,2587926.506179,10719018.854261,0.023483,0.185269,0.592298,0.222433,0.185912,0.572655,0.241433,10000.000000,0.000000,10.000000
2009-12,10000.000000,3230000.000000,2037147.304240,6068967.870459,2606294.447401,10712409.622099,-0.001548,0.185269,0.592298,0.222433,0.190167,0.566536,0.243297,10000.000000,0.000000,10.000000
2010-01,10000.000000,3240000.000000,2064788.815593,6027139.899345,2567255.053065,10659183.768003,-0.005897,0.185269,0.592298,0.222433,0.193710,0.565441,0.240849,10000.000000,0.000000,10.000000
2010-02,10000.000000,3250000.000000,2004939.590077,6066472.853179,2523517.829408,10594930.272663,-0.006960,0.175878,0.566267,0.257855,0.189236,0.572583,0.238182,10000.000000,0.000000,10.000000
2010-03,10000.000000,3260000.000000,2124091.868763,6065160.173073,2575162.279282,10764414.321118,0.015039,0.175878,0.566267,0.257855,0.197325,0.563445,0.239229,10000.000000,0.000000,10.000000
2010-04,10000.000000,3270000.000000,2210921.205481,6025977.602954,2667221.156693,10904119.965128,0.012038,0.175878,0.566267,0.257855,0.202760,0.552633,0.244607,10000.000000,0.000000,10.000000
2010-05,10000.000000,3280000.000000,2080864.136236,6266996.016048,2802330.557495,11150190.709779,0.021630,0.175878,0.566267,0.257855,0.186621,0.562053,0.251326,10000.000000,0.000000,10.000000
2010-06,10000.000000,3290000.000000,2007125.585345,6405417.540317,2873468.821945,11286011.947606,0.011274,0.175878,0.566267,0.257855,0.177842,0.567554,0.254604,10000.000000,0.000000,10.000000
2010-07,10000.000000,3300000.000000,2003931.016445,6526167.463023,2789923.163366,11320021.642833,0.002126,0.175878,0.566267,0.257855,0.177025,0.576515,0.246459,10000.000000,0.000000,10.000000
2010-08,10000.000000,3310000.000000,2021235.421208,6717515.029203,2853900.727136,11592651.177548,0.023180,0.175878,0.566267,0.257855,0.174355,0.579463,0.246182,10000.000000,0.000000,10.000000
2010-09,10000.000000,3320000.000000,2090648.601358,6761745.918810,2992142.901155,11844537.421323,0.020847,0.175878,0.566267,0.257855,0.176507,0.570875,0.252618,10000.000000,0.000000,10.000000
2010-10,10000.000000,3330000.000000,2186344.879664,6841514.211674,3169844.522940,12197703.614277,0.028948,0.175878,0.566267,0.257855,0.179242,0.560885,0.259872,10000.000000,0.000000,10.000000
2010-11,10000.000000,3340000.000000,2240803.014794,6736022.584938,3235978.712837,12212804.312569,0.000418,0.175878,0.566267,0.257855,0.183480,0.551554,0.264966,10000.000000,0.000000,10.000000
2010-12,10000.000000,3350000.000000,2324018.621663,6461088.038949,3285578.627383,12070685.287994,-0.012446,0.175878,0.566267,0.257855,0.192534,0.535271,0.272195,10000.000000,0.000000,10.000000
2011-01,10000.000000,3360000.000000,2404478.641349,6434710.279694,3212353.135883,12051542.056926,-0.002412,0.175878,0.566267,0.257855,0.199516,0.533933,0.266551,10000.000000,0.000000,10.000000
2011-02,10000.000000,3370000.000000,2480238.436926,6351580.782848,3257891.088725,12089710.308499,0.002335,0.180014,0.521076,0.298910,0.205153,0.525371,0.269476,10000.000000,0.000000,10.000000
2011-03,10000.000000,3380000.000000,2452644.724579,6460731.614580,3381967.397768,12295343.736927,0.016168,0.180014,0.521076,0.298910,0.199478,0.525462,0.275061,10000.000000,0.000000,10.000000
2011-04,10000.000000,3390000.000000,2507115.509540,6452163.446725,3530217.592403,12489496.548669,0.014965,0.180014,0.521076,0.298910,0.200738,0.516607,0.282655,10000.000000,0.000000,10.000000
2011-05,10000.000000,3400000.000000,2523641.273474,6631264.296105,3614373.698127,12769279.267706,0.021583,0.180014,0.521076,0.298910,0.197634,0.519314,0.283052,10000.000000,0.000000,10.000000
2011-06,10000.000000,3410000.000000,2431208.485729,6746064.315264,3661497.888833,12838770.689826,0.004655,0.180014,0.521076,0.298910,0.189365,0.525445,0.285191,10000.000000,0.000000,10.000000
2011-07,10000.000000,3420000.000000,2506616.203703,6762924.212569,3777149.570450,13046689.986723,0.015404,0.180014,0.521076,0.298910,0.192127,0.518363,0.289510,10000.000000,0.000000,10.000000
2011-08,10000.000000,3430000.000000,2245910.180588,7200061.668721,4232228.044151,13678199.893460,0.047601,0.180014,0.521076,0.298910,0.164196,0.526390,0.309414,10000.000000,0.000000,10.000000
2011-09,10000.000000,3440000.000000,2238103.887221,7420382.166808,4263503.464714,13921989.518743,0.017080,0.180014,0.521076,0.298910,0.160760,0.532997,0.306242,10000.000000,0.000000,10.000000
2011-10,10000.000000,3450000.000000,2315970.368017,7320501.313925,4008460.325757,13644932.007699,-0.020604,0.180014,0.521076,0.298910,0.169731,0.536500,0.293769,10000.000000,0.000000,10.000000
2011-11,10000.000000,3460000.000000,2363613.669755,7425340.681534,4187644.627244,13976598.978533,0.023557,0.180014,0.521076,0.298910,0.169112,0.531269,0.299618,10000.000000,0.000000,10.000000
2011-12,10000.000000,3470000.000000,2410515.728574,7457740.427244,3949242.252003,13817498.407821,-0.012090,0.180014,0.521076,0.298910,0.174454,0.539732,0.285815,10000.000000,0.000000,10.000000
2012-01,10000.000000,3480000.000000,2528936.228036,7476728.542570,3990017.440885,13995682.211492,0.012163,0.180014,0.521076,0.298910,0.180694,0.534217,0.285089,10000.000000,0.000000,10.000000
2012-02,10000.000000,3490000.000000,2644620.327719,7488997.516399,4209537.773455,14343155.617574,0.024095,0.219923,0.512054,0.268024,0.184382,0.522130,0.293488,10000.000000,0.000000,10.000000
2012-03,10000.000000,3500000.000000,2731173.348100,7368294.681222,4043083.308247,14142551.337569,-0.014673,0.219923,0.512054,0.268024,0.193117,0.521002,0.285881,10000.000000,0.000000,10.000000
2012-04,10000.000000,3510000.000000,2740124.009628,7460593.952892,3977947.274433,14178665.236954,0.001845,0.219923,0.512054,0.268024,0.193257,0.526185,0.280559,10000.000000,0.000000,10.000000
2012-05,10000.000000,3520000.000000,2665117.118206,7642034.091318,3833204.216472,14140355.425996,-0.003405,0.219923,0.512054,0.268024,0.188476,0.540441,0.271083,10000.000000,0.000000,10.000000
2012-06,10000.000000,3530000.000000,2644286.905565,7779040.636192,3857324.879613,14280652.421369,0.009208,0.219923,0.512054,0.268024,0.185166,0.544726,0.270108,10000.000000,0.000000,10.000000
2012-07,10000.000000,3540000.000000,2731819.023692,7853727.310536,3845260.526826,14430806.861054,0.009807,0.219923,0.512054,0.268024,0.189305,0.544233,0.266462,10000.000000,0.000000,10.000000
2012-08,10000.000000,3550000.000000,2834146.080815,7756537.247261,3932651.362716,14523334.690792,0.005715,0.219923,0.512054,0.268024,0.195144,0.534074,0.270782,10000.000000,0.000000,10.000000
2012-09,10000.000000,3560000.000000,2930070.439094,7739215.375140,4210105.474692,14879391.288926,0.023811,0.219923,0.512054,0.268024,0.196921,0.520130,0.282949,10000.000000,0.000000,10.000000
2012-10,10000.000000,3570000.000000,2933684.546826,7729250.200797,4214927.972052,14877862.719675,-0.000774,0.219923,0.512054,0.268024,0.197185,0.519513,0.283302,10000.000000,0.000000,10.000000
2012-11,10000.000000,3580000.000000,2860155.753297,7810955.804860,4154608.508437,14825720.066594,-0.004174,0.219923,0.512054,0.268024,0.192919,0.526852,0.280230,10000.000000,0.000000,10.000000
2012-12,10000.000000,3590000.000000,2932595.019551,7772037.165400,4065337.190838,14769969.375788,-0.004432,0.219923,0.512054,0.268024,0.198551,0.526205,0.275243,10000.000000,0.000000,10.000000
2013-01,10000.000000,3600000.000000,3068205.292211,7650341.628205,4033969.856565,14752516.776982,-0.001857,0.219923,0.512054,0.268024,0.207978,0.518579,0.273443,10000.000000,0.000000,10.000000
2013-02,10000.000000,3610000.000000,3927262.868875,7344882.400447,3450560.825000,14722706.094322,-0.002697,0.259991,0.499929,0.240080,0.266749,0.498881,0.234370,769920.287196,759920.287196,1529.840574
2013-03,10000.000000,3620000.000000,4034178.055691,7372094.045472,3384291.468811,14790563.569975,0.003927,0.259991,0.499929,0.240080,0.272754,0.498432,0.228814,10000.000000,0.000000,10.000000
2013-04,10000.000000,3630000.000000,4092823.807871,7519167.862205,3169268.186487,14781259.856562,-0.001304,0.259991,0.499929,0.240080,0.276893,0.508696,0.214411,10000.000000,0.000000,10.000000
2013-05,10000.000000,3640000.000000,4280037.725839,7415324.644543,3021157.385506,14716519.755888,-0.005053,0.259991,0.499929,0.240080,0.290832,0.503878,0.205290,10000.000000,0.000000,10.000000
2013-06,10000.000000,3650000.000000,4232193.660288,7185200.292369,2878954.470933,14296348.423591,-0.029211,0.259991,0.499929,0.240080,0.296033,0.502590,0.201377,10000.000000,0.000000,10.000000
2013-07,10000.000000,3660000.000000,4369926.375019,7023924.568076,2766338.693835,14160189.636931,-0.010216,0.259991,0.499929,0.240080,0.308606,0.496033,0.195360,10000.000000,0.000000,10.000000
2013-08,10000.000000,3670000.000000,4380958.571021,6942864.266638,2917914.723330,14241737.560989,0.005049,0.259991,0.499929,0.240080,0.307614,0.487501,0.204885,10000.000000,0.000000,10.000000
2013-09,10000.000000,3680000.000000,4433196.945626,6919548.101479,2918767.424334,14271512.471438,0.001388,0.259991,0.499929,0.240080,0.310633,0.484850,0.204517,10000.000000,0.000000,10.000000
2013-10,10000.000000,3690000.000000,3791309.703024,7273511.609129,3347033.713722,14411855.025875,0.009127,0.259991,0.499929,0.240080,0.263069,0.504689,0.232242,730128.289560,720128.289560,1450.256579
2013-11,10000.000000,3700000.000000,3937651.299744,7226538.697172,3252522.433373,14416712.430289,-0.000357,0.259991,0.499929,0.240080,0.273131,0.501261,0.225608,10000.000000,0.000000,10.000000
2013-12,10000.000000,3710000.000000,3997566.272316,7131506.648935,3124451.133881,14253524.055132,-0.012005,0.259991,0.499929,0.240080,0.280462,0.500333,0.219206,10000.000000,0.000000,10.000000
2014-01,10000.000000,3720000.000000,4036252.208730,7173215.656450,3190879.266854,14400347.132035,0.009593,0.259991,0.499929,0.240080,0.280289,0.498128,0.221583,10000.000000,0.000000,10.000000
2014-02,10000.000000,3730000.000000,4032104.970187,7292356.153246,3334517.829225,14658978.952657,0.017254,0.282954,0.520788,0.196258,0.275060,0.497467,0.227473,10000.000000,0.000000,10.000000
2014-03,10000.000000,3740000.000000,4144482.027082,7309983.169353,3426855.994527,14881321.190962,0.014476,0.282954,0.520788,0.196258,0.278502,0.491219,0.230279,10000.000000,0.000000,10.000000
2014-04,10000.000000,3750000.000000,4154185.356880,7341551.077229,3329383.316731,14825119.750840,-0.004446,0.282954,0.520788,0.196258,0.280213,0.495210,0.224577,10000.000000,0.000000,10.000000
2014-05,10000.000000,3760000.000000,4218857.522315,7463155.368805,3306296.009756,14988308.900877,0.010326,0.282954,0.520788,0.196258,0.281477,0.497932,0.220592,10000.000000,0.000000,10.000000
2014-06,10000.000000,3770000.000000,4354393.976040,7462441.638352,3280643.743283,15097479.357674,0.006612,0.282954,0.520788,0.196258,0.288419,0.494284,0.217297,10000.000000,0.000000,10.000000
2014-07,10000.000000,3780000.000000,4419525.033709,7527712.622832,3362721.747583,15309959.404125,0.013403,0.282954,0.520788,0.196258,0.288670,0.491687,0.219643,10000.000000,0.000000,10.000000
2014-08,10000.000000,3790000.000000,4400652.954884,7632986.061675,3321679.510827,15355318.527387,0.002308,0.282954,0.520788,0.196258,0.286588,0.497091,0.216321,10000.000000,0.000000,10.000000
2014-09,10000.000000,3800000.000000,4478895.145704,7585065.710436,3172907.259720,15236868.115861,-0.008360,0.282954,0.520788,0.196258,0.293951,0.497810,0.208239,10000.000000,0.000000,10.000000
2014-10,10000.000000,3810000.000000,4360354.563563,7765181.506954,3134430.181481,15259966.251999,0.000859,0.282954,0.520788,0.196258,0.285738,0.508860,0.205402,10000.000000,0.000000,10.000000
2014-11,10000.000000,3820000.000000,4609138.202491,7769531.714816,3013873.195951,15392543.113257,0.008027,0.282954,0.520788,0.196258,0.299440,0.504759,0.195801,10000.000000,0.000000,10.000000
2014-12,10000.000000,3830000.000000,4638351.965038,7877008.503139,3080913.896605,15596274.364781,0.012578,0.282954,0.520788,0.196258,0.297401,0.505057,0.197542,10000.000000,0.000000,10.000000
2015-01,10000.000000,3840000.000000,4586861.185469,8135998.514395,3209176.355182,15932036.055046,0.020874,0.282954,0.520788,0.196258,0.287902,0.510669,0.201429,10000.000000,0.000000,10.000000
2015-02,10000.000000,3850000.000000,4716547.048328,8085737.084121,3147607.455611,15949891.588060,0.000493,0.281533,0.541314,0.177153,0.295710,0.506946,0.197344,10000.000000,0.000000,10.000000
2015-03,10000.000000,3860000.000000,4719155.313384,8065679.520940,3024471.786422,15809306.620746,-0.009435,0.281533,0.541314,0.177153,0.298505,0.510186,0.191310,10000.000000,0.000000,10.000000
2015-04,10000.000000,3870000.000000,4760605.836206,8161936.024371,3075775.559987,15998317.420563,0.011316,0.281533,0.541314,0.177153,0.297569,0.510175,0.192256,10000.000000,0.000000,10.000000
2015-05,10000.000000,3880000.000000,4807204.594217,7996767.786725,3075773.638626,15879746.019568,-0.008032,0.281533,0.541314,0.177153,0.302726,0.503583,0.193692,10000.000000,0.000000,10.000000
2015-06,10000.000000,3890000.000000,4786266.206034,7908761.092686,3032161.935354,15727189.234075,-0.010230,0.281533,0.541314,0.177153,0.304331,0.502872,0.192797,10000.000000,0.000000,10.000000
2015-07,10000.000000,3900000.000000,4782451.863303,7962245.473157,2893634.929607,15638332.266067,-0.006282,0.281533,0.541314,0.177153,0.305816,0.509149,0.185035,10000.000000,0.000000,10.000000
2015-08,10000.000000,3910000.000000,4666503.261692,8093833.706282,2867980.299775,15628317.267750,-0.001279,0.281533,0.541314,0.177153,0.298593,0.517895,0.183512,10000.000000,0.000000,10.000000
2015-09,10000.000000,3920000.000000,4456176.676983,8118482.920481,2885935.395242,15460594.992706,-0.011365,0.281533,0.541314,0.177153,0.288228,0.525108,0.186664,10000.000000,0.000000,10.000000
2015-10,10000.000000,3930000.000000,4648552.122211,8215711.350659,2973152.847852,15837416.320722,0.023711,0.281533,0.541314,0.177153,0.293517,0.518753,0.187730,10000.000000,0.000000,10.000000
2015-11,10000.000000,3940000.000000,4784866.499292,8101744.110200,2785886.076645,15672496.686137,-0.011038,0.281533,0.541314,0.177153,0.305303,0.516940,0.177756,10000.000000,0.000000,10.000000
2015-12,10000.000000,3950000.000000,4732087.839830,8141371.038940,2760231.598990,15633690.477760,-0.003112,0.281533,0.541314,0.177153,0.302685,0.520758,0.176557,10000.000000,0.000000,10.000000
2016-01,10000.000000,3960000.000000,4428302.857075,8275247.949358,2817000.843467,15520551.649900,-0.007871,0.281533,0.541314,0.177153,0.285319,0.533180,0.181501,10000.000000,0.000000,10.000000
2016-02,10000.000000,3970000.000000,4403948.385447,8532216.831682,3078687.450368,16014852.667497,0.031184,0.277185,0.575822,0.146993,0.274992,0.532769,0.192240,10000.000000,0.000000,10.000000
2016-03,10000.000000,3980000.000000,4684706.592657,8469762.776826,3194136.236516,16348605.605999,0.020203,0.277185,0.575822,0.146993,0.286551,0.518072,0.195377,10000.000000,0.000000,10.000000
2016-04,10000.000000,3990000.000000,4662203.022686,9501510.345038,2398525.464835,16562238.832558,0.012448,0.277185,0.575822,0.146993,0.281496,0.573685,0.144819,949883.950122,939883.950122,1889.767900
2016-05,10000.000000,4000000.000000,4648010.103758,9521077.754771,2440055.483859,16609143.342388,0.002227,0.277185,0.575822,0.146993,0.279846,0.573243,0.146910,10000.000000,0.000000,10.000000
2016-06,10000.000000,4010000.000000,4697577.840105,9692622.353587,2469637.704270,16859837.897962,0.014483,0.277185,0.575822,0.146993,0.278625,0.574894,0.146481,10000.000000,0.000000,10.000000
2016-07,10000.000000,4020000.000000,4852474.727438,9837355.334899,2591059.542962,17280889.605299,0.024366,0.277185,0.575822,0.146993,0.280800,0.569262,0.149938,10000.000000,0.000000,10.000000
2016-08,10000.000000,4030000.000000,4910665.530248,9805569.009314,2596871.938223,17313106.477785,0.001285,0.277185,0.575822,0.146993,0.283639,0.566367,0.149995,10000.000000,0.000000,10.000000
2016-09,10000.000000,4040000.000000,4889121.042346,9765643.940026,2571676.926546,17226441.908919,-0.005580,0.277185,0.575822,0.146993,0.283815,0.566898,0.149287,10000.000000,0.000000,10.000000
2016-10,10000.000000,4050000.000000,4864380.196654,9673740.632204,2455397.721259,16993518.550117,-0.014094,0.277185,0.575822,0.146993,0.286249,0.569261,0.144490,10000.000000,0.000000,10.000000
2016-11,10000.000000,4060000.000000,4922806.339297,9368071.739718,2401861.313557,16692739.392573,-0.018277,0.277185,0.575822,0.146993,0.294907,0.561206,0.143887,10000.000000,0.000000,10.000000
2016-12,10000.000000,4070000.000000,5117055.441631,9106229.114882,2246355.041332,16469639.597845,-0.013956,0.277185,0.575822,0.146993,0.310696,0.552910,0.136394,10000.000000,0.000000,10.000000
2017-01,10000.000000,4080000.000000,5190616.871913,9179912.266344,2317550.825334,16688079.963591,0.012648,0.277185,0.575822,0.146993,0.311037,0.550088,0.138875,10000.000000,0.000000,10.000000
2017-02,10000.000000,4090000.000000,5324347.072178,9210556.989474,2405420.608429,16940324.670081,0.014507,0.293687,0.556862,0.149451,0.314300,0.543706,0.141994,10000.000000,0.000000,10.000000
2017-03,10000.000000,4100000.000000,5417480.389948,9187197.219080,2403150.658503,17007828.267531,0.003392,0.293687,0.556862,0.149451,0.318529,0.540175,0.141297,10000.000000,0.000000,10.000000
2017-04,10000.000000,4110000.000000,5409134.074936,9358924.556430,2476787.057700,17244845.689066,0.013340,0.293687,0.556862,0.149451,0.313667,0.542709,0.143625,10000.000000,0.000000,10.000000
2017-05,10000.000000,4120000.000000,5500673.611652,9383970.552735,2438585.988988,17323230.153375,0.003963,0.293687,0.556862,0.149451,0.317532,0.541699,0.140770,10000.000000,0.000000,10.000000
2017-06,10000.000000,4130000.000000,5598385.888018,9499973.107583,2469640.293495,17567999.289096,0.013544,0.293687,0.556862,0.149451,0.318670,0.540754,0.140576,10000.000000,0.000000,10.000000
2017-07,10000.000000,4140000.000000,5653688.230119,9414870.164417,2428023.553406,17496581.947943,-0.004632,0.293687,0.556862,0.149451,0.323131,0.538098,0.138771,10000.000000,0.000000,10.000000
2017-08,10000.000000,4150000.000000,5667695.114771,9531307.724781,2522053.290390,17721056.129942,0.012251,0.293687,0.556862,0.149451,0.319828,0.537852,0.142320,10000.000000,0.000000,10.000000
2017-09,10000.000000,4160000.000000,5761393.771731,9564607.131203,2585774.631411,17911775.534344,0.010192,0.293687,0.556862,0.149451,0.321654,0.533984,0.144362,10000.000000,0.000000,10.000000
2017-10,10000.000000,4170000.000000,5918953.008324,9455608.348349,2520642.600435,17895203.957108,-0.001483,0.293687,0.556862,0.149451,0.330756,0.528388,0.140856,10000.000000,0.000000,10.000000
2017-11,10000.000000,4180000.000000,6013035.492206,9490225.375226,2526899.949086,18030160.816518,0.006979,0.293687,0.556862,0.149451,0.333499,0.526353,0.140148,10000.000000,0.000000,10.000000
2017-12,10000.000000,4190000.000000,6186417.099550,9474797.813748,2493721.249476,18154936.162773,0.006362,0.293687,0.556862,0.149451,0.340757,0.521885,0.137358,10000.000000,0.000000,10.000000
2018-01,10000.000000,4200000.000000,6487190.817511,9352690.513233,2628604.371819,18468485.702563,0.016711,0.293687,0.556862,0.149451,0.351257,0.506414,0.142329,10000.000000,0.000000,10.000000
2018-02,10000.000000,4210000.000000,6299922.579059,9154929.939684,2631585.375818,18086437.894561,-0.021216,0.318657,0.529263,0.152080,0.348323,0.506177,0.145500,10000.000000,0.000000,10.000000
2018-03,10000.000000,4220000.000000,6303987.459508,9200286.142141,2621928.958917,18126202.560567,0.001645,0.318657,0.529263,0.152080,0.347783,0.507568,0.144649,10000.000000,0.000000,10.000000
2018-04,10000.000000,4230000.000000,6199087.455223,9205832.197372,2644282.155884,18049201.808480,-0.004797,0.318657,0.529263,0.152080,0.343455,0.510041,0.146504,10000.000000,0.000000,10.000000
2018-05,10000.000000,4240000.000000,6320686.556570,9149151.799295,2583091.435941,18052929.791807,-0.000347,0.318657,0.529263,0.152080,0.350120,0.506796,0.143084,10000.000000,0.000000,10.000000
2018-06,10000.000000,4250000.000000,6454237.194107,9233900.760174,2544264.902596,18232402.856878,0.009382,0.318657,0.529263,0.152080,0.353998,0.506456,0.139546,10000.000000,0.000000,10.000000
2018-07,10000.000000,4260000.000000,6556258.438246,9278606.795167,2460352.288947,18295217.522360,0.002895,0.318657,0.529263,0.152080,0.358359,0.507160,0.134481,10000.000000,0.000000,10.000000
2018-08,10000.000000,4270000.000000,6716935.878451,9306548.788200,2393090.023924,18416574.690574,0.006083,0.318657,0.529263,0.152080,0.364722,0.505335,0.129942,10000.000000,0.000000,10.000000
2018-09,10000.000000,4280000.000000,6829759.768056,9246885.585134,2389894.278161,18466539.631351,0.002169,0.318657,0.529263,0.152080,0.369845,0.500737,0.129418,10000.000000,0.000000,10.000000
2018-10,10000.000000,4290000.000000,5660486.506306,9678302.970029,2849486.103857,18188275.580192,-0.015602,0.318657,0.529263,0.152080,0.311216,0.532118,0.156666,952076.815356,942076.815356,1894.153631
2018-11,10000.000000,4300000.000000,5552758.031053,9728304.447913,2863556.062067,18144618.541033,-0.002948,0.318657,0.529263,0.152080,0.306028,0.536154,0.157818,10000.000000,0.000000,10.000000
2018-12,10000.000000,4310000.000000,5253326.054385,9996050.870599,2931566.824590,18180943.749574,0.001450,0.318657,0.529263,0.152080,0.288947,0.549809,0.161244,10000.000000,0.000000,10.000000
2019-01,10000.000000,4320000.000000,5354675.292586,10123318.124025,3030065.804195,18508059.220806,0.017433,0.318657,0.529263,0.152080,0.289316,0.546968,0.163716,10000.000000,0.000000,10.000000
2019-02,10000.000000,4330000.000000,7247041.675157,9062807.793721,2705571.904781,19015421.373660,0.026858,0.369854,0.487117,0.143028,0.381114,0.476603,0.142283,1494311.459774,1484311.459774,2978.622920
2019-03,10000.000000,4340000.000000,7388211.758000,9179224.421080,2667324.364954,19234760.544034,0.011003,0.369854,0.487117,0.143028,0.384107,0.477221,0.138672,10000.000000,0.000000,10.000000
2019-04,10000.000000,4350000.000000,7663287.153802,9237903.619666,2639573.529639,19540764.303107,0.015381,0.369854,0.487117,0.143028,0.392169,0.472750,0.135080,10000.000000,0.000000,10.000000
2019-05,10000.000000,4360000.000000,7545897.904496,9369340.718088,2639004.917380,19554243.539963,0.000178,0.369854,0.487117,0.143028,0.385896,0.479146,0.134958,10000.000000,0.000000,10.000000
2019-06,10000.000000,4370000.000000,7651894.918685,9669160.893730,2798418.154411,20119473.966826,0.028380,0.369854,0.487117,0.143028,0.380323,0.480587,0.139090,10000.000000,0.000000,10.000000
2019-07,10000.000000,4380000.000000,7944755.312913,9700765.698797,2913478.645274,20558999.656984,0.021338,0.369854,0.487117,0.143028,0.386437,0.471850,0.141713,10000.000000,0.000000,10.000000
2019-08,10000.000000,4390000.000000,7695730.048696,10107498.423866,3093733.770441,20896962.243002,0.015945,0.369854,0.487117,0.143028,0.368270,0.483683,0.148047,10000.000000,0.000000,10.000000
2019-09,10000.000000,4400000.000000,7936501.193520,10063628.060651,3116419.650497,21116548.904668,0.010025,0.369854,0.487117,0.143028,0.375843,0.476575,0.147582,10000.000000,0.000000,10.000000
2019-10,10000.000000,4410000.000000,7937275.451716,10078741.498941,3083418.392154,21099435.342811,-0.001283,0.369854,0.487117,0.143028,0.376184,0.477678,0.146137,10000.000000,0.000000,10.000000
2019-11,10000.000000,4420000.000000,8289185.871666,10011907.559394,3033917.266928,21335010.697988,0.010686,0.369854,0.487117,0.143028,0.388525,0.469271,0.142204,10000.000000,0.000000,10.000000
2019-12,10000.000000,4430000.000000,8493868.416908,9991363.210200,3050888.437768,21536120.064877,0.008953,0.369854,0.487117,0.143028,0.394401,0.463935,0.141664,10000.000000,0.000000,10.000000
2020-01,10000.000000,4440000.000000,8778102.985633,10106921.289000,3220644.977974,22105669.252607,0.025970,0.369854,0.487117,0.143028,0.397097,0.457209,0.145693,10000.000000,0.000000,10.000000
2020-02,10000.000000,4450000.000000,8788815.056391,10373290.310265,3294918.453489,22457023.820145,0.015435,0.378971,0.487686,0.133344,0.391362,0.461917,0.146721,10000.000000,0.000000,10.000000
2020-03,10000.000000,4460000.000000,7126169.427639,11016474.440253,3284601.030184,21427244.898075,-0.046280,0.378971,0.487686,0.133344,0.332575,0.514134,0.153291,10000.000000,0.000000,10.000000
2020-04,10000.000000,4470000.000000,7444349.566978,11246173.812878,3472349.832975,22162873.212831,0.033849,0.378971,0.487686,0.133344,0.335893,0.507433,0.156674,10000.000000,0.000000,10.000000
2020-05,10000.000000,4480000.000000,7893210.774511,11241581.541068,3540433.516183,22675225.831761,0.022656,0.378971,0.487686,0.133344,0.348098,0.495765,0.156137,10000.000000,0.000000,10.000000
2020-06,10000.000000,4490000.000000,8417569.517852,11183442.683360,3573442.978462,23174455.179674,0.021566,0.378971,0.487686,0.133344,0.363226,0.482576,0.154197,10000.000000,0.000000,10.000000
2020-07,10000.000000,4500000.000000,8717951.606101,11310915.804361,3810708.050146,23839575.460608,0.028257,0.378971,0.487686,0.133344,0.365692,0.474460,0.159848,10000.000000,0.000000,10.000000
2020-08,10000.000000,4510000.000000,9237036.646594,11289204.714377,4062415.274275,24588656.635247,0.030989,0.378971,0.487686,0.133344,0.375663,0.459122,0.165215,10000.000000,0.000000,10.000000
2020-09,10000.000000,4520000.000000,9180184.116890,11271795.064623,3965443.890869,24417423.072382,-0.007368,0.378971,0.487686,0.133344,0.375969,0.461629,0.162402,10000.000000,0.000000,10.000000
2020-10,10000.000000,4530000.000000,9339722.291973,11168976.465963,3920052.189486,24428750.947421,0.000054,0.378971,0.487686,0.133344,0.382325,0.457206,0.160469,10000.000000,0.000000,10.000000
2020-11,10000.000000,4540000.000000,9709021.866073,11101539.401395,3849902.299441,24660463.566909,0.009072,0.378971,0.487686,0.133344,0.393708,0.450176,0.156116,10000.000000,0.000000,10.000000
2020-12,10000.000000,4550000.000000,10122629.861646,11056573.912347,3833395.251967,25012599.025961,0.013868,0.378971,0.487686,0.133344,0.404701,0.442040,0.153259,10000.000000,0.000000,10.000000
2021-01,10000.000000,4560000.000000,10405583.575693,10919437.456367,3851962.372502,25176983.404562,0.006170,0.378971,0.487686,0.133344,0.413297,0.433707,0.152995,10000.000000,0.000000,10.000000
2021-02,10000.000000,4570000.000000,8502434.816048,13380750.674606,3185943.612344,25069129.102998,-0.004679,0.329436,0.539917,0.130647,0.339160,0.533754,0.127086,2679431.381590,2669431.381590,5348.862763
2021-03,10000.000000,4580000.000000,8572266.826515,12973321.356337,3030786.375156,24576374.558009,-0.020047,0.329436,0.539917,0.130647,0.348801,0.527878,0.123321,10000.000000,0.000000,10.000000
2021-04,10000.000000,4590000.000000,9088440.976820,12961468.787547,3108728.379357,25158638.143723,0.023276,0.329436,0.539917,0.130647,0.361245,0.515190,0.123565,10000.000000,0.000000,10.000000
2021-05,10000.000000,4600000.000000,9157530.574956,13010638.343961,3270034.008764,25438202.927681,0.010710,0.329436,0.539917,0.130647,0.359991,0.511461,0.128548,10000.000000,0.000000,10.000000
2021-06,10000.000000,4610000.000000,9323316.951071,13156946.854551,3244211.039080,25724474.844703,0.010856,0.329436,0.539917,0.130647,0.362430,0.511456,0.126114,10000.000000,0.000000,10.000000
2021-07,10000.000000,4620000.000000,9609371.320950,13426235.570874,3197833.042648,26233439.934471,0.019389,0.329436,0.539917,0.130647,0.366302,0.511799,0.121899,10000.000000,0.000000,10.000000
2021-08,10000.000000,4630000.000000,9819347.909854,13498532.391373,3159491.295794,26477371.597020,0.008914,0.329436,0.539917,0.130647,0.370858,0.509814,0.119328,10000.000000,0.000000,10.000000
2021-09,10000.000000,4640000.000000,9811046.955015,13407854.794845,3144502.497898,26363404.247758,-0.004680,0.329436,0.539917,0.130647,0.372146,0.508578,0.119275,10000.000000,0.000000,10.000000
2021-10,10000.000000,4650000.000000,9855406.417820,13172861.222348,3150705.745440,26178973.385608,-0.007372,0.329436,0.539917,0.130647,0.376463,0.503185,0.120353,10000.000000,0.000000,10.000000
2021-11,10000.000000,4660000.000000,10323016.280762,13222155.975337,3232734.881104,26777907.137203,0.022488,0.329436,0.539917,0.130647,0.385505,0.493771,0.120724,10000.000000,0.000000,10.000000
2021-12,10000.000000,4670000.000000,8847337.089532,14600106.161336,3437912.045337,26885355.296205,0.003638,0.329436,0.539917,0.130647,0.329076,0.543051,0.127873,1508107.866191,1498107.866191,3006.215732
2022-01,10000.000000,4680000.000000,8667220.182679,14234253.598701,3496511.489547,26397985.270927,-0.018493,0.329436,0.539917,0.130647,0.328329,0.539217,0.132454,10000.000000,0.000000,10.000000
2022-02,10000.000000,4690000.000000,8423881.874419,14037676.087658,3575075.963320,26036633.925397,-0.014062,0.364586,0.496506,0.138908,0.323540,0.539151,0.137309,10000.000000,0.000000,10.000000
2022-03,10000.000000,4700000.000000,8358216.932687,13810465.242523,3752692.169502,25921374.344712,-0.004809,0.364586,0.496506,0.138908,0.322445,0.532783,0.144772,10000.000000,0.000000,10.000000
2022-04,10000.000000,4710000.000000,8378113.469802,13096203.921753,3731499.953314,25205817.344870,-0.027980,0.364586,0.496506,0.138908,0.332388,0.519571,0.148041,10000.000000,0.000000,10.000000
2022-05,10000.000000,4720000.000000,7727736.879591,12957963.897824,3561972.467820,24247673.245236,-0.038394,0.364586,0.496506,0.138908,0.318700,0.534400,0.146900,10000.000000,0.000000,10.000000
2022-06,10000.000000,4730000.000000,7477019.651498,12726027.684058,3538853.843264,23741901.178820,-0.021262,0.364586,0.496506,0.138908,0.314929,0.536016,0.149055,10000.000000,0.000000,10.000000
2022-07,10000.000000,4740000.000000,7521807.541941,13020908.061119,3338503.624653,23881219.227713,0.005445,0.364586,0.496506,0.138908,0.314967,0.545236,0.139796,10000.000000,0.000000,10.000000
2022-08,10000.000000,4750000.000000,8017409.493693,13052369.835751,3400147.971368,24469927.300811,0.024223,0.364586,0.496506,0.138908,0.327643,0.533405,0.138952,10000.000000,0.000000,10.000000
2022-09,10000.000000,4760000.000000,7443216.176536,12411430.494347,3238329.913735,23092976.584618,-0.056657,0.364586,0.496506,0.138908,0.322315,0.537455,0.140230,10000.000000,0.000000,10.000000
2022-10,10000.000000,4770000.000000,7222821.095030,11983790.462456,3205579.198649,22412190.756136,-0.029900,0.364586,0.496506,0.138908,0.322272,0.534700,0.143028,10000.000000,0.000000,10.000000
2022-11,10000.000000,4780000.000000,7615079.092528,12111573.012070,3323089.922485,23049742.027084,0.027988,0.364586,0.496506,0.138908,0.330376,0.525454,0.144170,10000.000000,0.000000,10.000000
2022-12,10000.000000,4790000.000000,7625902.115328,12421263.696438,3463717.731157,23510883.542923,0.019564,0.364586,0.496506,0.138908,0.324356,0.528320,0.147324,10000.000000,0.000000,10.000000
2023-01,10000.000000,4800000.000000,7741003.657028,12551581.886144,3656358.977995,23948944.521167,0.018199,0.364586,0.496506,0.138908,0.323229,0.524097,0.152673,10000.000000,0.000000,10.000000
2023-02,10000.000000,4810000.000000,11454472.743386,8862310.744509,3761114.110288,24077897.598183,0.004965,0.463639,0.375693,0.160668,0.475726,0.368068,0.156206,3560377.094818,3550377.094818,7110.754190
2023-03,10000.000000,4820000.000000,11158321.080034,8962223.036991,3882504.904329,24003049.021354,-0.003522,0.463639,0.375693,0.160668,0.464871,0.373379,0.161750,10000.000000,0.000000,10.000000
2023-04,10000.000000,4830000.000000,11604227.417812,9149135.135765,4059072.975583,24812435.529160,0.033290,0.463639,0.375693,0.160668,0.467678,0.368732,0.163590,10000.000000,0.000000,10.000000
2023-05,10000.000000,4840000.000000,11689826.513881,9102019.681773,4042835.054978,24834681.250631,0.000493,0.463639,0.375693,0.160668,0.470706,0.366504,0.162790,10000.000000,0.000000,10.000000
2023-06,10000.000000,4850000.000000,12267554.662472,9004332.851408,3943386.234373,25215273.748253,0.014916,0.463639,0.375693,0.160668,0.486513,0.357098,0.156389,10000.000000,0.000000,10.000000
2023-07,10000.000000,4860000.000000,12743045.181863,8930311.377997,3961509.914603,25634866.474463,0.016237,0.463639,0.375693,0.160668,0.497098,0.348366,0.154536,10000.000000,0.000000,10.000000
2023-08,10000.000000,4870000.000000,12616469.583614,8773134.957757,3898342.094847,25287946.636219,-0.013918,0.463639,0.375693,0.160668,0.498912,0.346930,0.154158,10000.000000,0.000000,10.000000
2023-09,10000.000000,4880000.000000,12798421.141343,8664743.698747,3894095.830389,25357260.670479,0.002345,0.463639,0.375693,0.160668,0.504724,0.341707,0.153569,10000.000000,0.000000,10.000000
2023-10,10000.000000,4890000.000000,12117028.295151,8419901.936352,3895828.653157,24432758.884660,-0.036839,0.463639,0.375693,0.160668,0.495934,0.344615,0.159451,10000.000000,0.000000,10.000000
2023-11,10000.000000,4900000.000000,12674103.606971,8663733.263443,4034500.926736,25372337.797149,0.038031,0.463639,0.375693,0.160668,0.499524,0.341464,0.159012,10000.000000,0.000000,10.000000
2023-12,10000.000000,4910000.000000,13330150.388313,9043507.318448,4120393.582060,26494051.288821,0.043799,0.463639,0.375693,0.160668,0.503137,0.341341,0.155521,10000.000000,0.000000,10.000000
2024-01,10000.000000,4920000.000000,13687547.084331,9053199.572596,4137978.933032,26878725.589959,0.014136,0.463639,0.375693,0.160668,0.509233,0.336817,0.153950,10000.000000,0.000000,10.000000
2024-02,10000.000000,4930000.000000,12031561.403890,9342908.174798,5908620.216112,27283089.794801,0.014667,0.428463,0.350563,0.220974,0.440990,0.342443,0.216567,2176721.039182,2166721.039182,4343.442078
2024-03,10000.000000,4940000.000000,12428165.120097,9382181.761594,6306674.224019,28117021.105710,0.030188,0.428463,0.350563,0.220974,0.442016,0.333683,0.224301,10000.000000,0.000000,10.000000
2024-04,10000.000000,4950000.000000,12304933.996777,9179843.245959,6812257.819372,28297035.062107,0.006045,0.428463,0.350563,0.220974,0.434849,0.324410,0.240741,10000.000000,0.000000,10.000000
2024-05,10000.000000,4960000.000000,12616558.883966,9268369.112133,6870704.632376,28755632.628476,0.015848,0.428463,0.350563,0.220974,0.438751,0.322315,0.238934,10000.000000,0.000000,10.000000
2024-06,10000.000000,4970000.000000,13066750.255141,9439203.668547,6797640.776465,29303594.700153,0.018702,0.428463,0.350563,0.220974,0.445909,0.322118,0.231973,10000.000000,0.000000,10.000000
2024-07,10000.000000,4980000.000000,13380425.182512,9528629.384587,7008055.481326,29917110.048425,0.020588,0.428463,0.350563,0.220974,0.447250,0.318501,0.234249,10000.000000,0.000000,10.000000
2024-08,10000.000000,4990000.000000,13253592.654338,9868577.102250,7218470.075296,30340639.831884,0.013818,0.428463,0.350563,0.220974,0.436826,0.325259,0.237914,10000.000000,0.000000,10.000000
2024-09,10000.000000,5000000.000000,13617137.262565,10032384.131309,7513635.821808,31163157.215682,0.026771,0.428463,0.350563,0.220974,0.436963,0.321931,0.241106,10000.000000,0.000000,10.000000
2024-10,10000.000000,5010000.000000,14049457.527407,9765119.911471,7861405.615650,31675983.054528,0.016130,0.428463,0.350563,0.220974,0.443537,0.308282,0.248182,10000.000000,0.000000,10.000000
2024-11,10000.000000,5020000.000000,14401718.964699,9605655.010165,7747427.411372,31754801.386236,0.002172,0.428463,0.350563,0.220974,0.453529,0.302495,0.243977,10000.000000,0.000000,10.000000
2024-12,10000.000000,5030000.000000,14617387.881366,9627596.545916,7738657.598904,31983642.026187,0.006889,0.428463,0.350563,0.220974,0.457027,0.301016,0.241957,10000.000000,0.000000,10.000000
2025-01,10000.000000,5040000.000000,14560309.885555,9490577.537643,7919847.278614,31970734.701812,-0.000716,0.428463,0.350563,0.220974,0.455426,0.296852,0.247722,10000.000000,0.000000,10.000000
2025-02,10000.000000,5050000.000000,14723571.929252,9662964.403525,8471181.046546,32857717.379323,0.027422,0.414451,0.291913,0.293636,0.448101,0.294085,0.257814,10000.000000,0.000000,10.000000
2025-03,10000.000000,5060000.000000,13878112.526344,9830412.372215,8738982.883465,32447507.782024,-0.012785,0.414451,0.291913,0.293636,0.427710,0.302964,0.269327,10000.000000,0.000000,10.000000
2025-04,10000.000000,5070000.000000,13128555.232260,9865471.169606,9438222.659908,32432249.061774,-0.000778,0.414451,0.291913,0.293636,0.404799,0.304187,0.291014,10000.000000,0.000000,10.000000
2025-05,10000.000000,5080000.000000,14233614.538747,9790726.750202,9707351.107378,33731692.396327,0.039746,0.414451,0.291913,0.293636,0.421966,0.290253,0.287781,10000.000000,0.000000,10.000000
2025-06,10000.000000,5090000.000000,14788870.718079,9860303.135012,9844258.447037,34493432.300127,0.022279,0.414451,0.291913,0.293636,0.428745,0.285860,0.285395,10000.000000,0.000000,10.000000
2025-07,10000.000000,5100000.000000,15462085.653254,9892686.851069,9811822.486615,35166594.990939,0.019220,0.414451,0.291913,0.293636,0.439681,0.281309,0.279010,10000.000000,0.000000,10.000000
2025-08,10000.000000,5110000.000000,15758594.652177,10036281.647561,9899914.991483,35694791.291221,0.014731,0.414451,0.291913,0.293636,0.441482,0.281169,0.277349,10000.000000,0.000000,10.000000
2025-09,10000.000000,5120000.000000,16209824.390449,10189388.256945,10788288.748941,37187501.396335,0.041527,0.414451,0.291913,0.293636,0.435894,0.274000,0.290105,10000.000000,0.000000,10.000000
2025-10,10000.000000,5130000.000000,16604590.099396,10282267.905806,11938169.616532,38825027.621734,0.043754,0.414451,0.291913,0.293636,0.427677,0.264836,0.307486,10000.000000,0.000000,10.000000
2025-11,10000.000000,5140000.000000,16639284.260672,10302122.878446,12022503.481235,38963910.620353,0.003319,0.414451,0.291913,0.293636,0.427043,0.264402,0.308555,10000.000000,0.000000,10.000000
2025-12,10000.000000,5150000.000000,16938012.805479,10305679.076002,12675545.425840,39919237.307321,0.024255,0.414451,0.291913,0.293636,0.424307,0.258163,0.317530,10000.000000,0.000000,10.000000
2026-01,10000.000000,5160000.000000,17148392.180237,10293216.066928,13981632.026247,41423240.273411,0.037416,0.414451,0.291913,0.293636,0.413980,0.248489,0.337531,10000.000000,0.000000,10.000000
2026-02,10000.000000,5170000.000000,14911709.367414,12407239.643238,14972103.940215,42291052.950867,0.020703,0.361300,0.296528,0.342171,0.352597,0.293377,0.354025,2188551.887899,2178551.887899,4367.103776
2026-03,10000.000000,5180000.000000,14420613.976082,12333141.437132,14482972.061732,41236727.474946,-0.025161,0.361300,0.296528,0.342171,0.349703,0.299081,0.351215,10000.000000,0.000000,10.000000
2026-04,10000.000000,5190000.000000,15105814.701143,12307778.554442,14080332.465969,41493925.721554,0.005993,0.361300,0.296528,0.342171,0.364049,0.296616,0.339335,10000.000000,0.000000,10.000000
2026-05,10000.000000,5200000.000000,16114833.318777,12195795.138963,13690391.706936,42001020.164676,0.011977,0.361300,0.296528,0.342171,0.383677,0.290369,0.325954,10000.000000,0.000000,10.000000
2026-06,10000.000000,5210000.000000,16217544.922598,12253784.751450,12625583.369652,41096913.043700,-0.021759,0.361300,0.296528,0.342171,0.394617,0.298168,0.307215,10000.000000,0.000000,10.000000
2026-07,10000.000000,5220000.000000,16307067.479721,12173716.173095,12172355.373365,40653139.026181,-0.011039,0.361300,0.296528,0.342171,0.401127,0.299453,0.299420,10000.000000,0.000000,10.000000
