Date,USDINR
1999-12-01,43.4500
1999-12-02,43.4500
1999-12-03,43.4500
1999-12-06,43.4300
1999-12-07,43.5000
1999-12-08,43.5000
1999-12-09,43.5000
1999-12-10,43.5000
1999-12-13,43.5700
1999-12-14,43.6000
1999-12-15,43.5400
1999-12-16,43.5500
1999-12-17,43.5500
1999-12-20,43.5500
1999-12-21,43.5500
1999-12-22,43.5500
1999-12-23,43.5500
1999-12-24,43.5500
1999-12-27,43.5500
1999-12-28,43.5500
1999-12-29,43.5500
1999-12-30,43.5500
1999-12-31,43.5100
2000-01-03,43.5500
2000-01-04,43.5500
2000-01-05,43.5500
2000-01-06,43.5500
2000-01-07,43.5500
2000-01-10,43.5500
2000-01-11,43.6000
2000-01-12,43.6000
2000-01-13,43.5500
2000-01-14,43.5500
2000-01-17,
2000-01-18,43.6000
2000-01-19,43.6000
2000-01-20,43.6000
2000-01-21,43.6000
2000-01-24,43.6200
2000-01-25,43.5900
2000-01-26,43.6500
2000-01-27,43.6300
2000-01-28,43.6500
2000-01-31,43.6500
2000-02-01,43.6200
2000-02-02,43.6500
2000-02-03,43.6500
2000-02-04,43.6500
2000-02-07,43.6400
2000-02-08,43.6300
2000-02-09,43.6500
2000-02-10,43.5800
2000-02-11,43.6500
2000-02-14,43.6500
2000-02-15,43.6400
2000-02-16,43.7500
2000-02-17,43.6800
2000-02-18,43.6800
2000-02-21,
2000-02-22,43.6500
2000-02-23,43.6800
2000-02-24,43.6500
2000-02-25,43.6500
2000-02-28,43.6800
2000-02-29,43.6500
2000-03-01,43.6300
2000-03-02,43.6500
2000-03-03,43.6500
2000-03-06,43.6300
2000-03-07,43.6300
2000-03-08,43.6500
2000-03-09,43.6300
2000-03-10,43.6500
2000-03-13,43.6500
2000-03-14,43.6400
2000-03-15,43.6500
2000-03-16,43.5800
2000-03-17,43.6500
2000-03-20,43.6300
2000-03-21,43.5900
2000-03-22,43.6500
2000-03-23,43.6500
2000-03-24,43.6500
2000-03-27,43.6200
2000-03-28,43.6500
2000-03-29,43.6500
2000-03-30,43.6500
2000-03-31,43.6500
2000-04-03,43.6320
2000-04-04,43.6500
2000-04-05,43.6800
2000-04-06,43.6500
2000-04-07,43.6700
2000-04-10,43.6600
2000-04-11,43.6800
2000-04-12,43.7000
2000-04-13,43.7000
2000-04-14,43.7500
2000-04-17,43.6800
2000-04-18,43.7000
2000-04-19,43.7000
2000-04-20,43.6870
2000-04-21,43.7000
2000-04-24,43.6550
2000-04-25,43.7000
2000-04-26,43.7000
2000-04-27,43.7000
2000-04-28,43.7000
2000-05-01,43.6700
2000-05-02,43.7500
2000-05-03,43.7300
2000-05-04,43.6700
2000-05-05,43.7000
2000-05-08,43.7000
2000-05-09,43.7000
2000-05-10,44.3000
2000-05-11,44.4400
2000-05-12,44.1500
2000-05-15,44.4400
2000-05-16,44.0500
2000-05-17,44.0200
2000-05-18,44.0300
2000-05-19,44.0000
2000-05-22,44.0200
2000-05-23,44.1500
2000-05-24,44.2500
2000-05-25,44.2000
2000-05-26,44.4000
2000-05-29,
2000-05-30,44.6500
2000-05-31,44.6500
2000-06-01,44.6500
2000-06-02,44.7000
2000-06-05,44.7500
2000-06-06,44.7500
2000-06-07,44.8300
2000-06-08,44.8500
2000-06-09,44.8500
2000-06-12,44.8500
2000-06-13,44.8000
2000-06-14,44.7200
2000-06-15,44.8000
2000-06-16,44.8300
2000-06-19,44.8500
2000-06-20,44.7500
2000-06-21,44.7000
2000-06-22,44.7000
2000-06-23,44.7500
2000-06-26,44.7500
2000-06-27,44.7000
2000-06-28,44.7200
2000-06-29,44.7300
2000-06-30,44.7000
2000-07-03,44.7200
2000-07-04,
2000-07-05,44.6900
2000-07-06,44.8100
2000-07-07,44.7800
2000-07-10,44.7500
2000-07-11,44.7500
2000-07-12,44.7500
2000-07-13,44.7800
2000-07-14,44.7800
2000-07-17,44.7400
2000-07-18,44.8300
2000-07-19,44.8500
2000-07-20,45.0200
2000-07-21,44.8000
2000-07-24,44.7700
2000-07-25,44.9500
2000-07-26,44.9800
2000-07-27,44.9500
2000-07-28,44.9600
2000-07-31,45.1500
2000-08-01,45.1500
2000-08-02,45.4000
2000-08-03,45.4000
2000-08-04,45.4000
2000-08-07,45.6200
2000-08-08,45.8000
2000-08-09,45.7000
2000-08-10,45.9000
2000-08-11,45.9000
2000-08-14,45.8500
2000-08-15,45.8000
2000-08-16,45.8000
2000-08-17,45.9500
2000-08-18,45.9000
2000-08-21,45.7300
2000-08-22,45.7500
2000-08-23,45.9000
2000-08-24,46.0500
2000-08-25,46.0500
2000-08-28,45.8300
2000-08-29,46.0000
2000-08-30,45.9000
2000-08-31,45.9000
2000-09-01,45.8000
2000-09-04,
2000-09-05,45.7400
2000-09-06,45.6500
2000-09-07,46.0500
2000-09-08,45.7300
2000-09-11,45.6500
2000-09-12,45.7000
2000-09-13,45.7000
2000-09-14,45.8000
2000-09-15,45.8500
2000-09-18,46.1500
2000-09-19,46.4500
2000-09-20,46.3000
2000-09-21,46.0900
2000-09-22,46.1800
2000-09-25,46.1600
2000-09-26,46.1000
2000-09-27,46.1500
2000-09-28,46.0500
2000-09-29,46.0600
2000-10-02,46.1000
2000-10-03,46.1800
2000-10-04,46.1700
2000-10-05,46.1700
2000-10-06,46.1700
2000-10-09,
2000-10-10,46.2500
2000-10-11,46.3500
2000-10-12,46.3000
2000-10-13,46.4500
2000-10-16,46.4000
2000-10-17,46.3500
2000-10-18,46.4500
2000-10-19,46.4000
2000-10-20,46.4000
2000-10-23,46.4500
2000-10-24,46.4800
2000-10-25,46.7000
2000-10-26,46.7000
2000-10-27,46.7800
2000-10-30,46.7800
2000-10-31,46.9000
2000-11-01,46.8200
2000-11-02,46.8500
2000-11-03,46.7000
2000-11-06,46.6400
2000-11-07,46.7000
2000-11-08,46.7200
2000-11-09,46.7500
2000-11-10,46.7800
2000-11-13,46.7700
2000-11-14,46.8500
2000-11-15,46.8300
2000-11-16,46.8500
2000-11-17,46.8200
2000-11-20,46.9000
2000-11-21,46.8500
2000-11-22,46.8600
2000-11-23,
2000-11-24,46.9100
2000-11-27,46.9000
2000-11-28,46.9300
2000-11-29,46.9500
2000-11-30,46.8700
2000-12-01,46.8900
2000-12-04,46.8800
2000-12-05,46.8000
2000-12-06,46.7800
2000-12-07,46.8000
2000-12-08,46.8000
2000-12-11,46.7800
2000-12-12,46.7800
2000-12-13,46.8000
2000-12-14,46.8000
2000-12-15,46.8000
2000-12-18,46.7900
2000-12-19,46.7500
2000-12-20,46.7500
2000-12-21,46.7400
2000-12-22,46.7700
2000-12-25,
2000-12-26,46.7500
2000-12-27,46.7300
2000-12-28,46.7500
2000-12-29,46.7500
2001-01-01,
2001-01-02,46.7400
2001-01-03,46.7500
2001-01-04,46.7800
2001-01-05,46.7600
2001-01-08,46.7300
2001-01-09,46.6800
2001-01-10,46.6800
2001-01-11,46.6800
2001-01-12,47.4700
2001-01-15,
2001-01-16,46.5500
2001-01-17,46.4800
2001-01-18,46.4500
2001-01-19,46.4300
2001-01-22,46.4300
2001-01-23,46.3900
2001-01-24,46.4200
2001-01-25,46.5400
2001-01-26,46.5300
2001-01-29,46.5000
2001-01-30,46.4600
2001-01-31,46.4400
2001-02-01,46.4100
2001-02-02,46.4400
2001-02-05,46.4300
2001-02-06,46.4200
2001-02-07,46.4600
2001-02-08,46.4600
2001-02-09,46.5400
2001-02-12,46.5600
2001-02-13,46.6000
2001-02-14,46.6500
2001-02-15,46.6300
2001-02-16,46.5500
2001-02-19,
2001-02-20,46.6600
2001-02-21,46.6500
2001-02-22,46.6300
2001-02-23,46.6500
2001-02-26,46.6600
2001-02-27,46.6800
2001-02-28,46.5900
2001-03-01,46.5900
2001-03-02,46.5900
2001-03-05,46.5700
2001-03-06,46.5300
2001-03-07,46.5700
2001-03-08,46.5600
2001-03-09,46.5500
2001-03-12,46.5700
2001-03-13,46.7000
2001-03-14,46.6900
2001-03-15,46.6600
2001-03-16,46.6900
2001-03-19,46.7200
2001-03-20,46.7100
2001-03-21,46.7100
2001-03-22,46.7400
2001-03-23,46.7200
2001-03-26,46.6900
2001-03-27,46.6500
2001-03-28,46.6500
2001-03-29,46.6600
2001-03-30,46.8500
2001-04-02,46.6500
2001-04-03,46.6700
2001-04-04,46.6000
2001-04-05,46.6400
2001-04-06,46.5800
2001-04-09,46.5800
2001-04-10,46.6000
2001-04-11,46.7500
2001-04-12,46.7500
2001-04-13,46.8900
2001-04-16,47.0700
2001-04-17,46.9500
2001-04-18,46.9500
2001-04-19,46.8800
2001-04-20,46.8800
2001-04-23,46.8200
2001-04-24,46.8800
2001-04-25,46.8800
2001-04-26,46.7800
2001-04-27,46.8800
2001-04-30,46.8800
2001-05-01,46.8700
2001-05-02,46.8700
2001-05-03,46.8700
2001-05-04,46.8700
2001-05-07,46.8400
2001-05-08,46.8300
2001-05-09,46.8500
2001-05-10,46.8800
2001-05-11,46.8500
2001-05-14,47.0000
2001-05-15,47.0300
2001-05-16,46.9700
2001-05-17,46.9900
2001-05-18,46.9800
2001-05-21,47.0000
2001-05-22,47.0600
2001-05-23,47.0200
2001-05-24,47.0200
2001-05-25,47.0200
2001-05-28,
2001-05-29,47.0200
2001-05-30,47.0000
2001-05-31,47.0000
2001-06-01,47.0500
2001-06-04,47.0600
2001-06-05,47.0000
2001-06-06,47.0300
2001-06-07,47.0000
2001-06-08,47.0300
2001-06-11,47.0400
2001-06-12,47.0800
2001-06-13,47.0900
2001-06-14,47.0000
2001-06-15,47.0500
2001-06-18,47.0200
2001-06-19,47.0200
2001-06-20,47.0100
2001-06-21,47.0500
2001-06-22,47.0400
2001-06-25,47.0600
2001-06-26,47.0700
2001-06-27,47.0400
2001-06-28,47.0600
2001-06-29,47.0900
2001-07-02,47.1800
2001-07-03,47.1700
2001-07-04,
2001-07-05,47.1800
2001-07-06,47.1700
2001-07-09,47.1900
2001-07-10,47.1900
2001-07-11,47.2100
2001-07-12,47.2000
2001-07-13,47.2100
2001-07-16,47.2000
2001-07-17,47.1600
2001-07-18,47.1200
2001-07-19,47.1600
2001-07-20,47.1700
2001-07-23,47.1700
2001-07-24,47.1100
2001-07-25,47.1900
2001-07-26,47.2000
2001-07-27,47.1900
2001-07-30,47.1900
2001-07-31,47.1800
2001-08-01,47.1600
2001-08-02,47.1100
2001-08-03,47.1700
2001-08-06,47.1600
2001-08-07,47.1100
2001-08-08,47.1900
2001-08-09,47.1800
2001-08-10,47.1700
2001-08-13,47.1700
2001-08-14,47.1500
2001-08-15,47.1600
2001-08-16,47.1600
2001-08-17,47.1700
2001-08-20,47.1800
2001-08-21,47.1800
2001-08-22,47.1800
2001-08-23,47.1700
2001-08-24,47.1700
2001-08-27,47.1900
2001-08-28,47.1900
2001-08-29,47.1600
2001-08-30,47.1800
2001-08-31,47.1700
2001-09-03,
2001-09-04,47.2200
2001-09-05,47.2000
2001-09-06,47.2200
2001-09-07,47.2700
2001-09-10,47.3800
2001-09-11,
2001-09-12,47.3900
2001-09-13,47.4900
2001-09-14,47.7500
2001-09-17,47.7700
2001-09-18,48.0500
2001-09-19,47.9600
2001-09-20,48.0300
2001-09-21,48.0800
2001-09-24,48.0800
2001-09-25,48.9100
2001-09-26,47.9100
2001-09-27,47.9100
2001-09-28,47.9000
2001-10-01,48.0300
2001-10-02,48.0300
2001-10-03,47.9600
2001-10-04,48.0400
2001-10-05,48.0500
2001-10-08,
2001-10-09,48.1700
2001-10-10,48.0900
2001-10-11,48.0900
2001-10-12,48.0700
2001-10-15,48.0700
2001-10-16,48.0500
2001-10-17,48.0500
2001-10-18,48.0800
2001-10-19,48.0800
2001-10-22,48.0500
2001-10-23,48.0300
2001-10-24,48.0800
2001-10-25,48.0000
2001-10-26,48.0200
2001-10-29,48.0200
2001-10-30,48.0300
2001-10-31,48.0400
2001-11-01,48.0500
2001-11-02,48.0400
2001-11-05,48.0200
2001-11-06,48.0400
2001-11-07,48.0400
2001-11-08,48.0700
2001-11-09,48.0500
2001-11-12,
2001-11-13,48.1100
2001-11-14,48.1100
2001-11-15,48.0300
2001-11-16,48.0300
2001-11-19,48.0000
2001-11-20,48.0300
2001-11-21,48.0300
2001-11-22,
2001-11-23,48.1000
2001-11-26,48.0500
2001-11-27,48.0800
2001-11-28,47.9900
2001-11-29,48.0100
2001-11-30,47.9800
2001-12-03,47.9300
2001-12-04,47.9300
2001-12-05,47.9400
2001-12-06,47.9000
2001-12-07,47.8600
2001-12-10,47.8700
2001-12-11,47.8500
2001-12-12,47.8400
2001-12-13,47.8400
2001-12-14,47.8600
2001-12-17,47.8600
2001-12-18,47.8600
2001-12-19,47.8000
2001-12-20,47.8300
2001-12-21,47.8500
2001-12-24,47.9500
2001-12-25,
2001-12-26,47.9500
2001-12-27,48.2100
2001-12-28,48.2900
2001-12-31,48.2700
2002-01-01,
2002-01-02,48.2700
2002-01-03,48.2800
2002-01-04,48.3000
2002-01-07,48.2800
2002-01-08,48.3000
2002-01-09,48.3200
2002-01-10,48.4100
2002-01-11,48.4400
2002-01-14,48.3600
2002-01-15,48.3100
2002-01-16,48.3000
2002-01-17,48.3100
2002-01-18,48.2700
2002-01-21,
2002-01-22,48.3000
2002-01-23,48.3500
2002-01-24,48.3500
2002-01-25,48.3800
2002-01-28,48.3700
2002-01-29,48.4300
2002-01-30,48.5300
2002-01-31,48.5600
2002-02-01,48.5500
2002-02-04,48.6100
2002-02-05,48.6900
2002-02-06,48.7100
2002-02-07,48.7200
2002-02-08,48.7000
2002-02-11,48.7500
2002-02-12,48.6900
2002-02-13,48.9000
2002-02-14,48.7100
2002-02-15,48.7100
2002-02-18,
2002-02-19,48.6700
2002-02-20,48.6400
2002-02-21,48.6900
2002-02-22,48.7900
2002-02-25,48.8200
2002-02-26,48.7500
2002-02-27,48.7600
2002-02-28,48.7600
2002-03-01,48.7600
2002-03-04,48.7200
2002-03-05,48.7200
2002-03-06,48.7100
2002-03-07,48.7600
2002-03-08,48.7600
2002-03-11,48.7600
2002-03-12,48.7600
2002-03-13,48.7400
2002-03-14,48.7700
2002-03-15,48.7300
2002-03-18,48.7400
2002-03-19,48.7600
2002-03-20,48.7600
2002-03-21,48.7800
2002-03-22,48.8000
2002-03-25,48.8000
2002-03-26,48.7800
2002-03-27,48.8300
2002-03-28,48.8300
2002-03-29,48.8300
2002-04-01,48.8300
2002-04-02,48.8500
2002-04-03,48.9100
2002-04-04,48.9200
2002-04-05,48.8600
2002-04-08,48.9100
2002-04-09,48.9200
2002-04-10,48.9100
2002-04-11,48.9300
2002-04-12,48.9400
2002-04-15,48.9600
2002-04-16,48.9600
2002-04-17,48.9600
2002-04-18,48.9300
2002-04-19,48.9200
2002-04-22,48.9500
2002-04-23,49.0100
2002-04-24,49.0000
2002-04-25,49.0000
2002-04-26,48.9900
2002-04-29,49.0100
2002-04-30,48.9800
2002-05-01,48.9800
2002-05-02,48.9800
2002-05-03,49.0000
2002-05-06,48.9700
2002-05-07,48.9900
2002-05-08,48.9700
2002-05-09,48.9900
2002-05-10,49.0200
2002-05-13,49.0300
2002-05-14,49.0200
2002-05-15,49.0400
2002-05-16,49.0500
2002-05-17,49.0400
2002-05-20,49.0600
2002-05-21,49.0100
2002-05-22,49.0100
2002-05-23,49.0700
2002-05-24,49.0200
2002-05-27,
2002-05-28,49.0200
2002-05-29,49.0100
2002-05-30,49.0300
2002-05-31,49.0600
2002-06-03,49.0700
2002-06-04,49.0700
2002-06-05,49.0500
2002-06-06,49.0300
2002-06-07,49.0500
2002-06-10,49.0200
2002-06-11,49.0000
2002-06-12,49.0000
2002-06-13,49.0400
2002-06-14,49.0300
2002-06-17,49.0200
2002-06-18,48.9900
2002-06-19,48.9400
2002-06-20,48.9400
2002-06-21,48.9500
2002-06-24,48.9100
2002-06-25,48.9300
2002-06-26,48.8700
2002-06-27,48.8600
2002-06-28,48.9100
2002-07-01,48.8600
2002-07-02,48.8700
2002-07-03,48.8300
2002-07-04,
2002-07-05,48.8600
2002-07-08,48.8400
2002-07-09,48.8200
2002-07-10,48.8200
2002-07-11,48.8100
2002-07-12,48.8000
2002-07-15,48.8500
2002-07-16,48.8300
2002-07-17,48.8100
2002-07-18,48.8200
2002-07-19,48.7500
2002-07-22,48.7300
2002-07-23,48.7200
2002-07-24,48.7000
2002-07-25,48.7100
2002-07-26,48.7100
2002-07-29,48.7600
2002-07-30,48.7400
2002-07-31,48.6900
2002-08-01,48.6800
2002-08-02,48.6800
2002-08-05,48.6700
2002-08-06,48.7300
2002-08-07,48.7000
2002-08-08,48.6800
2002-08-09,48.6700
2002-08-12,48.6400
2002-08-13,48.6200
2002-08-14,48.6300
2002-08-15,48.6300
2002-08-16,48.6000
2002-08-19,48.6100
2002-08-20,48.5900
2002-08-21,48.5600
2002-08-22,48.5500
2002-08-23,48.5500
2002-08-26,48.5500
2002-08-27,48.5300
2002-08-28,48.6000
2002-08-29,48.5400
2002-08-30,48.5200
2002-09-02,
2002-09-03,48.5000
2002-09-04,48.4800
2002-09-05,48.5000
2002-09-06,48.5700
2002-09-09,48.5200
2002-09-10,48.5200
2002-09-11,48.4800
2002-09-12,48.4800
2002-09-13,48.4700
2002-09-16,48.4300
2002-09-17,48.4500
2002-09-18,48.4300
2002-09-19,48.4400
2002-09-20,48.4600
2002-09-23,48.4400
2002-09-24,48.4200
2002-09-25,48.4300
2002-09-26,48.4300
2002-09-27,48.4000
2002-09-30,48.4000
2002-10-01,48.3900
2002-10-02,48.3900
2002-10-03,48.3800
2002-10-04,48.3800
2002-10-07,48.3500
2002-10-08,48.3900
2002-10-09,48.3400
2002-10-10,48.3800
2002-10-11,48.3600
2002-10-14,
2002-10-15,48.3600
2002-10-16,48.4100
2002-10-17,48.4200
2002-10-18,48.4400
2002-10-21,48.3800
2002-10-22,48.3900
2002-10-23,48.3500
2002-10-24,48.4200
2002-10-25,48.4100
2002-10-28,48.4500
2002-10-29,48.4100
2002-10-30,48.3500
2002-10-31,48.3900
2002-11-01,48.3600
2002-11-04,48.3600
2002-11-05,48.3500
2002-11-06,48.3600
2002-11-07,48.3400
2002-11-08,48.2900
2002-11-11,
2002-11-12,48.3000
2002-11-13,48.3000
2002-11-14,48.2900
2002-11-15,48.2300
2002-11-18,48.2300
2002-11-19,48.2300
2002-11-20,48.2500
2002-11-21,48.2100
2002-11-22,48.2200
2002-11-25,48.2300
2002-11-26,48.2400
2002-11-27,48.2700
2002-11-28,
2002-11-29,48.3600
2002-12-02,48.3200
2002-12-03,48.2800
2002-12-04,48.2300
2002-12-05,48.2700
2002-12-06,48.2400
2002-12-09,48.2400
2002-12-10,48.2400
2002-12-11,48.1800
2002-12-12,48.2200
2002-12-13,48.2000
2002-12-16,48.1800
2002-12-17,48.1600
2002-12-18,48.1500
2002-12-19,48.1100
2002-12-20,48.0300
2002-12-23,48.0300
2002-12-24,48.0400
2002-12-25,
2002-12-26,48.0500
2002-12-27,48.0100
2002-12-30,47.9600
2002-12-31,48.0000
2003-01-01,
2003-01-02,48.0500
2003-01-03,48.0300
2003-01-06,48.0100
2003-01-07,48.0000
2003-01-08,48.0000
2003-01-09,47.9600
2003-01-10,48.0000
2003-01-13,47.9600
2003-01-14,47.9500
2003-01-15,47.9700
2003-01-16,47.9600
2003-01-17,47.9600
2003-01-20,
2003-01-21,47.9700
2003-01-22,47.9300
2003-01-23,47.9200
2003-01-24,47.9000
2003-01-27,48.1000
2003-01-28,47.9200
2003-01-29,47.8300
2003-01-30,47.8500
2003-01-31,47.8300
2003-02-03,47.8000
2003-02-04,47.8200
2003-02-05,47.7700
2003-02-06,47.8000
2003-02-07,47.7200
2003-02-10,47.6900
2003-02-11,47.7000
2003-02-12,47.8900
2003-02-13,47.8700
2003-02-14,47.9200
2003-02-17,
2003-02-18,47.7500
2003-02-19,47.7000
2003-02-20,47.6500
2003-02-21,47.6500
2003-02-24,47.7400
2003-02-25,47.7400
2003-02-26,47.6700
2003-02-27,47.6600
2003-02-28,47.6600
2003-03-03,47.7000
2003-03-04,47.8500
2003-03-05,47.8000
2003-03-06,47.6300
2003-03-07,47.8000
2003-03-10,47.7000
2003-03-11,47.6400
2003-03-12,47.6500
2003-03-13,47.6600
2003-03-14,47.6600
2003-03-17,47.6800
2003-03-18,47.6800
2003-03-19,47.7200
2003-03-20,47.7500
2003-03-21,47.6600
2003-03-24,47.6800
2003-03-25,47.6400
2003-03-26,47.6400
2003-03-27,47.5900
2003-03-28,47.5500
2003-03-31,47.5300
2003-04-01,47.4500
2003-04-02,47.4000
2003-04-03,47.4300
2003-04-04,47.4400
2003-04-07,47.4400
2003-04-08,47.4600
2003-04-09,47.4500
2003-04-10,47.4000
2003-04-11,47.3800
2003-04-14,47.4400
2003-04-15,47.3600
2003-04-16,47.3800
2003-04-17,47.3400
2003-04-18,47.3400
2003-04-21,47.3800
2003-04-22,47.3400
2003-04-23,47.3500
2003-04-24,47.3600
2003-04-25,47.3700
2003-04-28,47.3500
2003-04-29,47.3700
2003-04-30,47.3700
2003-05-01,47.3500
2003-05-02,47.3500
2003-05-05,47.3000
2003-05-06,47.2800
2003-05-07,47.2800
2003-05-08,47.2500
2003-05-09,47.2000
2003-05-12,47.1800
2003-05-13,47.1500
2003-05-14,47.1500
2003-05-15,47.1300
2003-05-16,47.1200
2003-05-19,46.9900
2003-05-20,46.9500
2003-05-21,46.9000
2003-05-22,46.9100
2003-05-23,46.8700
2003-05-26,
2003-05-27,46.8500
2003-05-28,46.9800
2003-05-29,47.0500
2003-05-30,47.0700
2003-06-02,47.1500
2003-06-03,46.9500
2003-06-04,46.8500
2003-06-05,46.8400
2003-06-06,46.8800
2003-06-09,46.8700
2003-06-10,46.7900
2003-06-11,46.7000
2003-06-12,46.7300
2003-06-13,46.7000
2003-06-16,46.6600
2003-06-17,46.5900
2003-06-18,46.6200
2003-06-19,46.6100
2003-06-20,46.5700
2003-06-23,46.6600
2003-06-24,46.5700
2003-06-25,46.5800
2003-06-26,46.5700
2003-06-27,46.4000
2003-06-30,46.4000
2003-07-01,46.4900
2003-07-02,46.3600
2003-07-03,46.4000
2003-07-04,
2003-07-07,46.3400
2003-07-08,46.3000
2003-07-09,46.2400
2003-07-10,46.2100
2003-07-11,46.1000
2003-07-14,46.0600
2003-07-15,46.1300
2003-07-16,46.2300
2003-07-17,46.2300
2003-07-18,46.2900
2003-07-21,46.2700
2003-07-22,46.1500
2003-07-23,46.1600
2003-07-24,46.1500
2003-07-25,46.1500
2003-07-28,46.1500
2003-07-29,46.1300
2003-07-30,46.1500
2003-07-31,46.1500
2003-08-01,46.1800
2003-08-04,46.1500
2003-08-05,46.1400
2003-08-06,46.0500
2003-08-07,45.9800
2003-08-08,46.0100
2003-08-11,45.9900
2003-08-12,45.8900
2003-08-13,45.9500
2003-08-14,46.0000
2003-08-15,46.0000
2003-08-18,45.9000
2003-08-19,45.8500
2003-08-20,45.8800
2003-08-21,45.8000
2003-08-22,45.8800
2003-08-25,45.9000
2003-08-26,45.8800
2003-08-27,45.8800
2003-08-28,45.8800
2003-08-29,45.8800
2003-09-01,
2003-09-02,45.8800
2003-09-03,45.9000
2003-09-04,45.8000
2003-09-05,45.8800
2003-09-08,45.8500
2003-09-09,45.8000
2003-09-10,45.8200
2003-09-11,45.7200
2003-09-12,45.8000
2003-09-15,45.8000
2003-09-16,45.9000
2003-09-17,45.9500
2003-09-18,46.0000
2003-09-19,45.9800
2003-09-22,45.7700
2003-09-23,45.7700
2003-09-24,45.8800
2003-09-25,45.8800
2003-09-26,45.7700
2003-09-29,45.8500
2003-09-30,45.7800
2003-10-01,45.7000
2003-10-02,45.4300
2003-10-03,45.3300
2003-10-06,45.4900
2003-10-07,45.3300
2003-10-08,45.4300
2003-10-09,45.2900
2003-10-10,45.4200
2003-10-13,
2003-10-14,45.6600
2003-10-15,45.7000
2003-10-16,45.3300
2003-10-17,45.3300
2003-10-20,45.3600
2003-10-21,45.3300
2003-10-22,45.3500
2003-10-23,45.3300
2003-10-24,45.3200
2003-10-27,45.4000
2003-10-28,45.3100
2003-10-29,45.3600
2003-10-30,45.3500
2003-10-31,45.3300
2003-11-03,45.3200
2003-11-04,45.3100
2003-11-05,45.3400
2003-11-06,45.3000
2003-11-07,45.3300
2003-11-10,45.3300
2003-11-11,
2003-11-12,45.3600
2003-11-13,45.3900
2003-11-14,45.4400
2003-11-17,45.5500
2003-11-18,45.6200
2003-11-19,45.6300
2003-11-20,45.7800
2003-11-21,45.7500
2003-11-24,45.8800
2003-11-25,45.9500
2003-11-26,45.8800
2003-11-27,
2003-11-28,45.8200
2003-12-01,45.7700
2003-12-02,45.7000
2003-12-03,45.6300
2003-12-04,45.6600
2003-12-05,45.6600
2003-12-08,45.5500
2003-12-09,45.5500
2003-12-10,45.5500
2003-12-11,45.5500
2003-12-12,45.5500
2003-12-15,45.5500
2003-12-16,45.5000
2003-12-17,45.5500
2003-12-18,45.5000
2003-12-19,45.5400
2003-12-22,45.5200
2003-12-23,45.5200
2003-12-24,45.5000
2003-12-25,
2003-12-26,45.5000
2003-12-29,45.6600
2003-12-30,45.5700
2003-12-31,45.5500
2004-01-01,
2004-01-02,45.6800
2004-01-05,45.6000
2004-01-06,45.6600
2004-01-07,45.5300
2004-01-08,45.5500
2004-01-09,45.4800
2004-01-12,45.4400
2004-01-13,45.4400
2004-01-14,45.4200
2004-01-15,45.4400
2004-01-16,45.4500
2004-01-19,
2004-01-20,45.4300
2004-01-21,45.4300
2004-01-22,45.4300
2004-01-23,45.4300
2004-01-26,45.3600
2004-01-27,45.3800
2004-01-28,45.3600
2004-01-29,45.2900
2004-01-30,45.3200
2004-02-02,45.3000
2004-02-03,45.3000
2004-02-04,45.3000
2004-02-05,45.2900
2004-02-06,45.3000
2004-02-09,45.2500
2004-02-10,45.2200
2004-02-11,45.2400
2004-02-12,45.2300
2004-02-13,45.2400
2004-02-16,
2004-02-17,45.2800
2004-02-18,45.2400
2004-02-19,45.2800
2004-02-20,45.2300
2004-02-23,45.3200
2004-02-24,45.3200
2004-02-25,45.2500
2004-02-26,45.2700
2004-02-27,45.3200
2004-03-01,45.3200
2004-03-02,45.2500
2004-03-03,45.2200
2004-03-04,45.3200
2004-03-05,45.3200
2004-03-08,45.2600
2004-03-09,45.2300
2004-03-10,45.2500
2004-03-11,45.2800
2004-03-12,45.2200
2004-03-15,45.2500
2004-03-16,45.2200
2004-03-17,45.2700
2004-03-18,45.2500
2004-03-19,45.2000
2004-03-22,45.1450
2004-03-23,44.8500
2004-03-24,44.8000
2004-03-25,44.7300
2004-03-26,44.4400
2004-03-29,44.0000
2004-03-30,44.0700
2004-03-31,43.4000
2004-04-01,43.4000
2004-04-02,43.7500
2004-04-05,43.6700
2004-04-06,43.7000
2004-04-07,43.5500
2004-04-08,43.6000
2004-04-09,43.4500
2004-04-12,43.6600
2004-04-13,43.7500
2004-04-14,43.6900
2004-04-15,44.0000
2004-04-16,43.8500
2004-04-19,43.8800
2004-04-20,43.9700
2004-04-21,44.1000
2004-04-22,44.1400
2004-04-23,44.0000
2004-04-26,44.1000
2004-04-27,44.2300
2004-04-28,44.2100
2004-04-29,44.4000
2004-04-30,44.5200
2004-05-03,44.8800
2004-05-04,44.7000
2004-05-05,44.5500
2004-05-06,44.6500
2004-05-07,44.6600
2004-05-10,44.9500
2004-05-11,45.3500
2004-05-12,45.3500
2004-05-13,45.2500
2004-05-14,45.5700
2004-05-17,45.5000
2004-05-18,45.4700
2004-05-19,45.1800
2004-05-20,45.2800
2004-05-21,45.2800
2004-05-24,45.3100
2004-05-25,45.3600
2004-05-26,45.4000
2004-05-27,45.4000
2004-05-28,45.4200
2004-05-31,
2004-06-01,45.4300
2004-06-02,45.3700
2004-06-03,45.2200
2004-06-04,45.0700
2004-06-07,45.1000
2004-06-08,45.0500
2004-06-09,44.9400
2004-06-10,45.0500
2004-06-11,45.0900
2004-06-14,45.3500
2004-06-15,45.3800
2004-06-16,45.3400
2004-06-17,45.4900
2004-06-18,45.6600
2004-06-21,45.8800
2004-06-22,46.2100
2004-06-23,45.7000
2004-06-24,45.8500
2004-06-25,45.8500
2004-06-28,45.9900
2004-06-29,46.0500
2004-06-30,45.9900
2004-07-01,45.8800
2004-07-02,45.7500
2004-07-05,
2004-07-06,46.0500
2004-07-07,45.8400
2004-07-08,45.7500
2004-07-09,45.6600
2004-07-12,45.7200
2004-07-13,45.8600
2004-07-14,45.9500
2004-07-15,46.0800
2004-07-16,45.9600
2004-07-19,46.1100
2004-07-20,46.1000
2004-07-21,46.1300
2004-07-22,46.3000
2004-07-23,46.3500
2004-07-26,46.2800
2004-07-27,46.2500
2004-07-28,46.3000
2004-07-29,46.4500
2004-07-30,46.4000
2004-08-02,46.3500
2004-08-03,46.3500
2004-08-04,46.3600
2004-08-05,46.3500
2004-08-06,46.3300
2004-08-09,46.4000
2004-08-10,46.3400
2004-08-11,46.3200
2004-08-12,46.2100
2004-08-13,46.2700
2004-08-16,46.3600
2004-08-17,46.3400
2004-08-18,46.3400
2004-08-19,46.2700
2004-08-20,46.2500
2004-08-23,46.2600
2004-08-24,46.2950
2004-08-25,46.3600
2004-08-26,46.3500
2004-08-27,46.2800
2004-08-30,46.3500
2004-08-31,46.3500
2004-09-01,46.3400
2004-09-02,46.3200
2004-09-03,46.3300
2004-09-06,
2004-09-07,46.3500
2004-09-08,46.3500
2004-09-09,46.3000
2004-09-10,46.2600
2004-09-13,46.1800
2004-09-14,45.8500
2004-09-15,45.8100
2004-09-16,45.8200
2004-09-17,45.8400
2004-09-20,45.9300
2004-09-21,45.8600
2004-09-22,45.8600
2004-09-23,45.8700
2004-09-24,45.9000
2004-09-27,45.9700
2004-09-28,46.1000
2004-09-29,46.0000
2004-09-30,45.9100
2004-10-01,45.8500
2004-10-04,45.8500
2004-10-05,45.8600
2004-10-06,45.8600
2004-10-07,45.8600
2004-10-08,45.8000
2004-10-11,
2004-10-12,45.8700
2004-10-13,45.8300
2004-10-14,45.8100
2004-10-15,45.8500
2004-10-18,45.8300
2004-10-19,45.8500
2004-10-20,45.7000
2004-10-21,45.6500
2004-10-22,45.6200
2004-10-25,45.5800
2004-10-26,45.6600
2004-10-27,45.5700
2004-10-28,45.5100
2004-10-29,45.3000
2004-11-01,45.3300
2004-11-02,45.4000
2004-11-03,45.3300
2004-11-04,45.1000
2004-11-05,45.1000
2004-11-08,45.0800
2004-11-09,45.1200
2004-11-10,45.1400
2004-11-11,
2004-11-12,45.0400
2004-11-15,45.0300
2004-11-16,45.0100
2004-11-17,44.9600
2004-11-18,45.0000
2004-11-19,45.0000
2004-11-22,44.9700
2004-11-23,45.0200
2004-11-24,44.9400
2004-11-25,
2004-11-26,44.9400
2004-11-29,44.6700
2004-11-30,44.4700
2004-12-01,44.3000
2004-12-02,44.1000
2004-12-03,44.0000
2004-12-06,43.5100
2004-12-07,43.6000
2004-12-08,44.1500
2004-12-09,44.1200
2004-12-10,44.5200
2004-12-13,44.1500
2004-12-14,44.0500
2004-12-15,43.8600
2004-12-16,43.7500
2004-12-17,43.8800
2004-12-20,43.8500
2004-12-21,43.6600
2004-12-22,43.8000
2004-12-23,43.6100
2004-12-24,43.6300
2004-12-27,43.7500
2004-12-28,43.6300
2004-12-29,43.6700
2004-12-30,43.6200
2004-12-31,43.2700
2005-01-03,43.3500
2005-01-04,43.4700
2005-01-05,43.6000
2005-01-06,43.7500
2005-01-07,43.6300
2005-01-10,43.8200
2005-01-11,43.6800
2005-01-12,43.5300
2005-01-13,43.5200
2005-01-14,43.5500
2005-01-17,
2005-01-18,43.5900
2005-01-19,43.6100
2005-01-20,43.7000
2005-01-21,43.6400
2005-01-24,43.6500
2005-01-25,43.6500
2005-01-26,43.6500
2005-01-27,43.6500
2005-01-28,43.6600
2005-01-31,43.6000
2005-02-01,43.6600
2005-02-02,43.2800
2005-02-03,43.3000
2005-02-04,43.3400
2005-02-07,43.3800
2005-02-08,43.5800
2005-02-09,43.6200
2005-02-10,43.6800
2005-02-11,43.7000
2005-02-14,43.6400
2005-02-15,43.7100
2005-02-16,43.6500
2005-02-17,43.6800
2005-02-18,43.7300
2005-02-21,
2005-02-22,43.6300
2005-02-23,43.6100
2005-02-24,43.5700
2005-02-25,43.6100
2005-02-28,43.5700
2005-03-01,43.5800
2005-03-02,43.5900
2005-03-03,43.5800
2005-03-04,43.6400
2005-03-07,43.5800
2005-03-08,43.5800
2005-03-09,43.5500
2005-03-10,43.4800
2005-03-11,43.4500
2005-03-14,43.4400
2005-03-15,43.4600
2005-03-16,43.5000
2005-03-17,43.5500
2005-03-18,43.6700
2005-03-21,43.6100
2005-03-22,43.6100
2005-03-23,43.6600
2005-03-24,43.6500
2005-03-25,43.6200
2005-03-28,43.6700
2005-03-29,43.7000
2005-03-30,43.6900
2005-03-31,43.6200
2005-04-01,43.6200
2005-04-04,43.6800
2005-04-05,43.6900
2005-04-06,43.7200
2005-04-07,43.6900
2005-04-08,43.6600
2005-04-11,43.6000
2005-04-12,43.6200
2005-04-13,43.6500
2005-04-14,43.6400
2005-04-15,43.7000
2005-04-18,43.6200
2005-04-19,43.7000
2005-04-20,43.5800
2005-04-21,43.6800
2005-04-22,43.6600
2005-04-25,43.6100
2005-04-26,43.6000
2005-04-27,43.6000
2005-04-28,43.6800
2005-04-29,43.4800
2005-05-02,43.4600
2005-05-03,43.5600
2005-05-04,43.4000
2005-05-05,43.3300
2005-05-06,43.3500
2005-05-09,43.4500
2005-05-10,43.3600
2005-05-11,43.2100
2005-05-12,43.3000
2005-05-13,43.3500
2005-05-16,43.3800
2005-05-17,43.4100
2005-05-18,43.4300
2005-05-19,43.4500
2005-05-20,43.3400
2005-05-23,43.4500
2005-05-24,43.4500
2005-05-25,43.4300
2005-05-26,43.4600
2005-05-27,43.4100
2005-05-30,
2005-05-31,43.6200
2005-06-01,43.7100
2005-06-02,43.6400
2005-06-03,43.5000
2005-06-06,43.5800
2005-06-07,43.5300
2005-06-08,43.4600
2005-06-09,43.4600
2005-06-10,43.4800
2005-06-13,43.6000
2005-06-14,43.5700
2005-06-15,43.5600
2005-06-16,43.5500
2005-06-17,43.5000
2005-06-20,43.5300
2005-06-21,43.5000
2005-06-22,43.4500
2005-06-23,43.5100
2005-06-24,43.5000
2005-06-27,43.4400
2005-06-28,43.4600
2005-06-29,43.5000
2005-06-30,43.5100
2005-07-01,43.4500
2005-07-04,
2005-07-05,43.5500
2005-07-06,43.4500
2005-07-07,43.5900
2005-07-08,43.5100
2005-07-11,43.5100
2005-07-12,43.4500
2005-07-13,43.4600
2005-07-14,43.4800
2005-07-15,43.4500
2005-07-18,43.4700
2005-07-19,43.4800
2005-07-20,43.4600
2005-07-21,43.0500
2005-07-22,43.4000
2005-07-25,43.4500
2005-07-26,43.4100
2005-07-27,43.3400
2005-07-28,43.3200
2005-07-29,43.4000
2005-08-01,43.3700
2005-08-02,43.4100
2005-08-03,43.3600
2005-08-04,43.4300
2005-08-05,43.4200
2005-08-08,43.4400
2005-08-09,43.4600
2005-08-10,43.5400
2005-08-11,43.5000
2005-08-12,43.4800
2005-08-15,43.4500
2005-08-16,43.4500
2005-08-17,43.4600
2005-08-18,43.5000
2005-08-19,43.5100
2005-08-22,43.5800
2005-08-23,43.5700
2005-08-24,43.6900
2005-08-25,43.6000
2005-08-26,43.6000
2005-08-29,43.8600
2005-08-30,43.9700
2005-08-31,44.0000
2005-09-01,43.9400
2005-09-02,43.8700
2005-09-05,
2005-09-06,43.8200
2005-09-07,43.7900
2005-09-08,43.7800
2005-09-09,43.7600
2005-09-12,43.7500
2005-09-13,43.8200
2005-09-14,43.8300
2005-09-15,43.8200
2005-09-16,43.8100
2005-09-19,43.8200
2005-09-20,43.8200
2005-09-21,43.8500
2005-09-22,43.8000
2005-09-23,43.8000
2005-09-26,43.8600
2005-09-27,43.9600
2005-09-28,43.9800
2005-09-29,43.9500
2005-09-30,43.9400
2005-10-03,44.0000
2005-10-04,44.1000
2005-10-05,44.2100
2005-10-06,44.1800
2005-10-07,44.3000
2005-10-10,
2005-10-11,44.7800
2005-10-12,44.7400
2005-10-13,44.8800
2005-10-14,44.7600
2005-10-17,44.8100
2005-10-18,45.0500
2005-10-19,45.1000
2005-10-20,45.1100
2005-10-21,45.0100
2005-10-24,45.1100
2005-10-25,44.9600
2005-10-26,45.0100
2005-10-27,44.9400
2005-10-28,45.0100
2005-10-31,45.0900
2005-11-01,45.0200
2005-11-02,45.1800
2005-11-03,45.2300
2005-11-04,45.4300
2005-11-07,45.7800
2005-11-08,45.7200
2005-11-09,45.7300
2005-11-10,45.6900
2005-11-11,
2005-11-14,45.6200
2005-11-15,45.6100
2005-11-16,45.7300
2005-11-17,45.6700
2005-11-18,45.7000
2005-11-21,45.7000
2005-11-22,45.7800
2005-11-23,45.7100
2005-11-24,
2005-11-25,45.7700
2005-11-28,45.8500
2005-11-29,45.8400
2005-11-30,45.8700
2005-12-01,45.9700
2005-12-02,46.1100
2005-12-05,46.2600
2005-12-06,46.1300
2005-12-07,46.1700
2005-12-08,46.1800
2005-12-09,46.1100
2005-12-12,46.0000
2005-12-13,46.0100
2005-12-14,45.6300
2005-12-15,45.2800
2005-12-16,45.1900
2005-12-19,44.9400
2005-12-20,45.1400
2005-12-21,45.1700
2005-12-22,45.1400
2005-12-23,45.1100
2005-12-26,
2005-12-27,45.1700
2005-12-28,45.0600
2005-12-29,45.1100
2005-12-30,44.9500
2006-01-02,
2006-01-03,44.9200
2006-01-04,44.7300
2006-01-05,44.6000
2006-01-06,44.3200
2006-01-09,44.2000
2006-01-10,44.1400
2006-01-11,43.8900
2006-01-12,43.9900
2006-01-13,44.1000
2006-01-16,
2006-01-17,44.2300
2006-01-18,44.2900
2006-01-19,44.1400
2006-01-20,44.1000
2006-01-23,44.1000
2006-01-24,44.1900
2006-01-25,44.0800
2006-01-26,44.0000
2006-01-27,44.0000
2006-01-30,44.0400
2006-01-31,43.9600
2006-02-01,44.1300
2006-02-02,44.1600
2006-02-03,44.1400
2006-02-06,44.1400
2006-02-07,44.1500
2006-02-08,44.1700
2006-02-09,44.1000
2006-02-10,44.1000
2006-02-13,44.1700
2006-02-14,44.1500
2006-02-15,44.1500
2006-02-16,44.2500
2006-02-17,44.3300
2006-02-20,
2006-02-21,44.3600
2006-02-22,44.5400
2006-02-23,44.3600
2006-02-24,44.3500
2006-02-27,44.4100
2006-02-28,44.2100
2006-03-01,44.3500
2006-03-02,44.1800
2006-03-03,44.0900
2006-03-06,44.1800
2006-03-07,44.2400
2006-03-08,44.3600
2006-03-09,44.3000
2006-03-10,44.3100
2006-03-13,44.3800
2006-03-14,44.3700
2006-03-15,44.1100
2006-03-16,44.2900
2006-03-17,44.2600
2006-03-20,44.2500
2006-03-21,44.2900
2006-03-22,44.3600
2006-03-23,44.4300
2006-03-24,44.4900
2006-03-27,44.5800
2006-03-28,44.4900
2006-03-29,44.5300
2006-03-30,44.4500
2006-03-31,44.4800
2006-04-03,44.3900
2006-04-04,44.5800
2006-04-05,44.4200
2006-04-06,44.4900
2006-04-07,44.4600
2006-04-10,44.6600
2006-04-11,44.6800
2006-04-12,45.0900
2006-04-13,45.0500
2006-04-14,45.0200
2006-04-17,44.9700
2006-04-18,45.0800
2006-04-19,45.0100
2006-04-20,45.0600
2006-04-21,45.0500
2006-04-24,44.8600
2006-04-25,44.8800
2006-04-26,45.0400
2006-04-27,44.8400
2006-04-28,44.8600
2006-05-01,44.7700
2006-05-02,44.8200
2006-05-03,44.8100
2006-05-04,44.8100
2006-05-05,44.8500
2006-05-08,44.8200
2006-05-09,44.8400
2006-05-10,44.8400
2006-05-11,44.8800
2006-05-12,44.8900
2006-05-15,45.3700
2006-05-16,45.0500
2006-05-17,44.6900
2006-05-18,45.2600
2006-05-19,45.3500
2006-05-22,45.4200
2006-05-23,45.3800
2006-05-24,45.5600
2006-05-25,45.7400
2006-05-26,45.8100
2006-05-29,
2006-05-30,46.1300
2006-05-31,46.2200
2006-06-01,46.1900
2006-06-02,45.6700
2006-06-05,45.7000
2006-06-06,45.8000
2006-06-07,45.8900
2006-06-08,45.9100
2006-06-09,45.8100
2006-06-12,45.7100
2006-06-13,45.8100
2006-06-14,45.5000
2006-06-15,45.8300
2006-06-16,45.6900
2006-06-19,45.7600
2006-06-20,45.8000
2006-06-21,45.8000
2006-06-22,45.9900
2006-06-23,46.0100
2006-06-26,46.2200
2006-06-27,46.2100
2006-06-28,46.2500
2006-06-29,46.1300
2006-06-30,45.8700
2006-07-03,45.9200
2006-07-04,
2006-07-05,45.9200
2006-07-06,45.9900
2006-07-07,45.8400
2006-07-10,45.9700
2006-07-11,46.0100
2006-07-12,46.0900
2006-07-13,46.1600
2006-07-14,46.1900
2006-07-17,46.6400
2006-07-18,46.6100
2006-07-19,46.8100
2006-07-20,46.7500
2006-07-21,46.6400
2006-07-24,46.8300
2006-07-25,46.7600
2006-07-26,46.6800
2006-07-27,46.5200
2006-07-28,46.5300
2006-07-31,46.4900
2006-08-01,46.5100
2006-08-02,46.6100
2006-08-03,46.4800
2006-08-04,46.4200
2006-08-07,46.5100
2006-08-08,46.4700
2006-08-09,46.4000
2006-08-10,46.3200
2006-08-11,46.5000
2006-08-14,46.5200
2006-08-15,46.4700
2006-08-16,46.4700
2006-08-17,46.3600
2006-08-18,46.3800
2006-08-21,46.4000
2006-08-22,46.4400
2006-08-23,46.4500
2006-08-24,46.4200
2006-08-25,46.4100
2006-08-28,46.4700
2006-08-29,46.4500
2006-08-30,46.3700
2006-08-31,46.4300
2006-09-01,46.3800
2006-09-04,
2006-09-05,46.1900
2006-09-06,46.1300
2006-09-07,46.1400
2006-09-08,46.0600
2006-09-11,46.1900
2006-09-12,46.2700
2006-09-13,46.1800
2006-09-14,46.1200
2006-09-15,45.9500
2006-09-18,46.0900
2006-09-19,46.0800
2006-09-20,45.8300
2006-09-21,45.7400
2006-09-22,45.7700
2006-09-25,45.8300
2006-09-26,45.7700
2006-09-27,45.7600
2006-09-28,45.7800
2006-09-29,45.9500
2006-10-02,45.9700
2006-10-03,45.6800
2006-10-04,45.6500
2006-10-05,45.5700
2006-10-06,45.4200
2006-10-09,
2006-10-10,45.6700
2006-10-11,45.5500
2006-10-12,45.5200
2006-10-13,45.3100
2006-10-16,45.3500
2006-10-17,45.1900
2006-10-18,45.2800
2006-10-19,45.2200
2006-10-20,45.1800
2006-10-23,45.3000
2006-10-24,45.1800
2006-10-25,45.3600
2006-10-26,45.1900
2006-10-27,45.0700
2006-10-30,44.9000
2006-10-31,44.9000
2006-11-01,44.7900
2006-11-02,44.8200
2006-11-03,44.7600
2006-11-06,44.8000
2006-11-07,44.6200
2006-11-08,44.5900
2006-11-09,44.4600
2006-11-10,44.5500
2006-11-13,44.8300
2006-11-14,45.0500
2006-11-15,45.2600
2006-11-16,44.8200
2006-11-17,44.7500
2006-11-20,44.8900
2006-11-21,44.7700
2006-11-22,44.6200
2006-11-23,
2006-11-24,44.5900
2006-11-27,44.5600
2006-11-28,44.5800
2006-11-29,44.5400
2006-11-30,44.5900
2006-12-01,44.5000
2006-12-04,44.4900
2006-12-05,44.4200
2006-12-06,44.6000
2006-12-07,44.5200
2006-12-08,44.5300
2006-12-11,44.6900
2006-12-12,44.7000
2006-12-13,44.6800
2006-12-14,44.5600
2006-12-15,44.5400
2006-12-18,44.6300
2006-12-19,44.6100
2006-12-20,44.5500
2006-12-21,44.5100
2006-12-22,44.3700
2006-12-25,
2006-12-26,44.3200
2006-12-27,44.2000
2006-12-28,44.1400
2006-12-29,44.1100
2007-01-01,
2007-01-02,44.1300
2007-01-03,44.2400
2007-01-04,44.1600
2007-01-05,44.2000
2007-01-08,44.3200
2007-01-09,44.2700
2007-01-10,44.4400
2007-01-11,44.4900
2007-01-12,44.4300
2007-01-15,
2007-01-16,44.2000
2007-01-17,44.0900
2007-01-18,44.1500
2007-01-19,44.1500
2007-01-22,44.1100
2007-01-23,44.1400
2007-01-24,44.1500
2007-01-25,44.1500
2007-01-26,44.0800
2007-01-29,44.1300
2007-01-30,44.2300
2007-01-31,44.0700
2007-02-01,44.0100
2007-02-02,44.0000
2007-02-05,44.0300
2007-02-06,44.0300
2007-02-07,44.0100
2007-02-08,43.9800
2007-02-09,43.9300
2007-02-12,44.0000
2007-02-13,44.0200
2007-02-14,44.0000
2007-02-15,43.9100
2007-02-16,43.8700
2007-02-19,
2007-02-20,44.1200
2007-02-21,44.0000
2007-02-22,44.0500
2007-02-23,44.0800
2007-02-26,44.0400
2007-02-27,44.2100
2007-02-28,44.0800
2007-03-01,44.1100
2007-03-02,44.1000
2007-03-05,44.4300
2007-03-06,44.1800
2007-03-07,44.1800
2007-03-08,44.1900
2007-03-09,44.0700
2007-03-12,44.1100
2007-03-13,44.0800
2007-03-14,44.2500
2007-03-15,44.1900
2007-03-16,44.0800
2007-03-19,44.0400
2007-03-20,43.5300
2007-03-21,43.2800
2007-03-22,43.5200
2007-03-23,43.5600
2007-03-26,43.2000
2007-03-27,43.0300
2007-03-28,42.7800
2007-03-29,43.4500
2007-03-30,43.1000
2007-04-02,43.0500
2007-04-03,43.0400
2007-04-04,42.8400
2007-04-05,42.7600
2007-04-06,42.7400
2007-04-09,42.6500
2007-04-10,42.6500
2007-04-11,42.6900
2007-04-12,42.6500
2007-04-13,42.4200
2007-04-16,41.7500
2007-04-17,41.9800
2007-04-18,42.0000
2007-04-19,42.0800
2007-04-20,41.7000
2007-04-23,41.6500
2007-04-24,40.7500
2007-04-25,40.5800
2007-04-26,40.5600
2007-04-27,40.7900
2007-04-30,41.0400
2007-05-01,41.0000
2007-05-02,41.0400
2007-05-03,40.8200
2007-05-04,40.5800
2007-05-07,40.5300
2007-05-08,40.6400
2007-05-09,40.6700
2007-05-10,41.0400
2007-05-11,40.7400
2007-05-14,40.5900
2007-05-15,40.6400
2007-05-16,40.5800
2007-05-17,40.5900
2007-05-18,40.3600
2007-05-21,40.4800
2007-05-22,40.1400
2007-05-23,40.2800
2007-05-24,40.4300
2007-05-25,40.2800
2007-05-28,
2007-05-29,40.1900
2007-05-30,40.5300
2007-05-31,40.3600
2007-06-01,40.2700
2007-06-04,40.5000
2007-06-05,40.2800
2007-06-06,40.4100
2007-06-07,40.5100
2007-06-08,40.8200
2007-06-11,40.5500
2007-06-12,40.4800
2007-06-13,40.7000
2007-06-14,40.6600
2007-06-15,40.5200
2007-06-18,40.5000
2007-06-19,40.5800
2007-06-20,40.5900
2007-06-21,40.5900
2007-06-22,40.5500
2007-06-25,40.7300
2007-06-26,40.9000
2007-06-27,40.8800
2007-06-28,40.8000
2007-06-29,40.5800
2007-07-02,40.4200
2007-07-03,40.4100
2007-07-04,
2007-07-05,40.3400
2007-07-06,40.3600
2007-07-09,40.3700
2007-07-10,40.3000
2007-07-11,40.3100
2007-07-12,40.2800
2007-07-13,40.2600
2007-07-16,40.2200
2007-07-17,40.2300
2007-07-18,40.2300
2007-07-19,40.2600
2007-07-20,40.1800
2007-07-23,40.1200
2007-07-24,40.1500
2007-07-25,40.2400
2007-07-26,40.2400
2007-07-27,40.3800
2007-07-30,40.2700
2007-07-31,40.1800
2007-08-01,40.2500
2007-08-02,40.3600
2007-08-03,40.2500
2007-08-06,40.2500
2007-08-07,40.2600
2007-08-08,40.2900
2007-08-09,40.4000
2007-08-10,40.4500
2007-08-13,40.4000
2007-08-14,40.8000
2007-08-15,40.5500
2007-08-16,41.1500
2007-08-17,41.0400
2007-08-20,40.9100
2007-08-21,41.0100
2007-08-22,40.7700
2007-08-23,41.0000
2007-08-24,40.9000
2007-08-27,40.8800
2007-08-28,41.1000
2007-08-29,40.9500
2007-08-30,41.0200
2007-08-31,40.6300
2007-09-03,40.6300
2007-09-04,40.7600
2007-09-05,40.8100
2007-09-06,40.6000
2007-09-07,40.4000
2007-09-10,40.4800
2007-09-11,40.3600
2007-09-12,40.3400
2007-09-13,40.2500
2007-09-14,40.4000
2007-09-17,40.5200
2007-09-18,40.4500
2007-09-19,39.8100
2007-09-20,39.8700
2007-09-21,39.8400
2007-09-24,39.5000
2007-09-25,39.5500
2007-09-26,39.5000
2007-09-27,39.6500
2007-09-28,39.7500
2007-10-01,39.7000
2007-10-02,39.6500
2007-10-03,39.3800
2007-10-04,39.3700
2007-10-05,39.4700
2007-10-08,39.4700
2007-10-09,38.4800
2007-10-10,39.1300
2007-10-11,39.2000
2007-10-12,39.1600
2007-10-15,39.2900
2007-10-16,39.2300
2007-10-17,39.3500
2007-10-18,39.7200
2007-10-19,39.6000
2007-10-22,39.7200
2007-10-23,39.4800
2007-10-24,39.4900
2007-10-25,39.3500
2007-10-26,39.3000
2007-10-29,39.3200
2007-10-30,39.3000
2007-10-31,39.2600
2007-11-01,39.2200
2007-11-02,39.2500
2007-11-05,39.1800
2007-11-06,39.2300
2007-11-07,39.1500
2007-11-08,39.1300
2007-11-09,39.1100
2007-11-12,
2007-11-13,39.2200
2007-11-14,39.1800
2007-11-15,39.1800
2007-11-16,39.2400
2007-11-19,39.2300
2007-11-20,39.3200
2007-11-21,39.2900
2007-11-22,39.2900
2007-11-23,39.6500
2007-11-26,39.5800
2007-11-27,39.6800
2007-11-28,39.5600
2007-11-29,39.6500
2007-11-30,39.5200
2007-12-03,39.3900
2007-12-04,39.3300
2007-12-05,39.3100
2007-12-06,39.3900
2007-12-07,39.3600
2007-12-10,39.3000
2007-12-11,39.3100
2007-12-12,39.2900
2007-12-13,39.2900
2007-12-14,39.3000
2007-12-17,39.4900
2007-12-18,39.4800
2007-12-19,39.5500
2007-12-20,39.4100
2007-12-21,39.3000
2007-12-24,39.3800
2007-12-25,
2007-12-26,39.3800
2007-12-27,39.4000
2007-12-28,39.4300
2007-12-31,39.4100
2008-01-01,
2008-01-02,39.4100
2008-01-03,39.2600
2008-01-04,39.1500
2008-01-07,39.1500
2008-01-08,39.1300
2008-01-09,39.1300
2008-01-10,39.2700
2008-01-11,39.1500
2008-01-14,39.1400
2008-01-15,39.2600
2008-01-16,39.2900
2008-01-17,39.1600
2008-01-18,39.2000
2008-01-21,
2008-01-22,39.3800
2008-01-23,39.5500
2008-01-24,39.3700
2008-01-25,39.3300
2008-01-28,39.3500
2008-01-29,39.2800
2008-01-30,39.3500
2008-01-31,39.3100
2008-02-01,39.1200
2008-02-04,39.1300
2008-02-05,39.4000
2008-02-06,39.4900
2008-02-07,39.4300
2008-02-08,39.6100
2008-02-11,39.6000
2008-02-12,39.5600
2008-02-13,39.7500
2008-02-14,39.5700
2008-02-15,39.6500
2008-02-18,
2008-02-19,39.9100
2008-02-20,40.1100
2008-02-21,39.8300
2008-02-22,40.0400
2008-02-25,39.9000
2008-02-26,39.8900
2008-02-27,39.6800
2008-02-28,39.8400
2008-02-29,39.9600
2008-03-03,40.3300
2008-03-04,40.2700
2008-03-05,40.1900
2008-03-06,40.1300
2008-03-07,40.4200
2008-03-10,40.3900
2008-03-11,40.2300
2008-03-12,40.0200
2008-03-13,40.1800
2008-03-14,40.4000
2008-03-17,40.4600
2008-03-18,40.2000
2008-03-19,40.0000
2008-03-20,40.3200
2008-03-21,39.8600
2008-03-24,40.0300
2008-03-25,39.9300
2008-03-26,39.9600
2008-03-27,39.9500
2008-03-28,39.7600
2008-03-31,40.0200
2008-04-01,39.8800
2008-04-02,39.8800
2008-04-03,39.9400
2008-04-04,39.9300
2008-04-07,39.9600
2008-04-08,39.9000
2008-04-09,39.9100
2008-04-10,39.8900
2008-04-11,39.8400
2008-04-14,39.8600
2008-04-15,39.8300
2008-04-16,39.8900
2008-04-17,39.7900
2008-04-18,39.7300
2008-04-21,39.9200
2008-04-22,39.9300
2008-04-23,40.0000
2008-04-24,40.1400
2008-04-25,40.1300
2008-04-28,40.1000
2008-04-29,40.3700
2008-04-30,40.4500
2008-05-01,40.5800
2008-05-02,40.5500
2008-05-05,40.4500
2008-05-06,40.8000
2008-05-07,41.3000
2008-05-08,41.6600
2008-05-09,41.5500
2008-05-12,42.0000
2008-05-13,42.0800
2008-05-14,42.3400
2008-05-15,42.6000
2008-05-16,42.5000
2008-05-19,42.4600
2008-05-20,42.5000
2008-05-21,42.7700
2008-05-22,42.9300
2008-05-23,42.6800
2008-05-26,
2008-05-27,42.8600
2008-05-28,42.7500
2008-05-29,42.5300
2008-05-30,42.1500
2008-06-02,42.3800
2008-06-03,42.5000
2008-06-04,42.6000
2008-06-05,42.8200
2008-06-06,42.6300
2008-06-09,42.8500
2008-06-10,42.9200
2008-06-11,42.6500
2008-06-12,42.7000
2008-06-13,42.8600
2008-06-16,42.9300
2008-06-17,42.8600
2008-06-18,42.8000
2008-06-19,42.9100
2008-06-20,42.8600
2008-06-23,42.9700
2008-06-24,42.7500
2008-06-25,42.7300
2008-06-26,42.6000
2008-06-27,42.7800
2008-06-30,42.9300
2008-07-01,43.2300
2008-07-02,43.1500
2008-07-03,43.1700
2008-07-04,
2008-07-07,43.2900
2008-07-08,43.2300
2008-07-09,43.0200
2008-07-10,42.9400
2008-07-11,42.8000
2008-07-14,42.8000
2008-07-15,43.1200
2008-07-16,43.0500
2008-07-17,42.7000
2008-07-18,42.6600
2008-07-21,42.5700
2008-07-22,42.6500
2008-07-23,42.0500
2008-07-24,42.1000
2008-07-25,41.1000
2008-07-28,42.5200
2008-07-29,42.5600
2008-07-30,42.2800
2008-07-31,42.4700
2008-08-01,42.2600
2008-08-04,42.4500
2008-08-05,42.1500
2008-08-06,42.0100
2008-08-07,42.0500
2008-08-08,42.0500
2008-08-11,42.0600
2008-08-12,42.3400
2008-08-13,42.5500
2008-08-14,43.0000
2008-08-15,42.8000
2008-08-18,43.4900
2008-08-19,43.5100
2008-08-20,43.6100
2008-08-21,43.4300
2008-08-22,43.3200
2008-08-25,43.6800
2008-08-26,43.7400
2008-08-27,43.6200
2008-08-28,43.6500
2008-08-29,43.2500
2008-09-01,
2008-09-02,44.4000
2008-09-03,43.9500
2008-09-04,44.2600
2008-09-05,44.6300
2008-09-08,44.5000
2008-09-09,44.8300
2008-09-10,45.1400
2008-09-11,45.4600
2008-09-12,45.6200
2008-09-15,45.9300
2008-09-16,46.8100
2008-09-17,46.1600
2008-09-18,46.3600
2008-09-19,45.7100
2008-09-22,45.3000
2008-09-23,45.6500
2008-09-24,45.9200
2008-09-25,46.0800
2008-09-26,46.4800
2008-09-29,46.4900
2008-09-30,46.4500
2008-10-01,46.4700
2008-10-02,46.6300
2008-10-03,47.0100
2008-10-06,47.7700
2008-10-07,47.7800
2008-10-08,48.0000
2008-10-09,48.0000
2008-10-10,48.4100
2008-10-13,
2008-10-14,47.9300
2008-10-15,48.5300
2008-10-16,48.8800
2008-10-17,48.8800
2008-10-20,48.9600
2008-10-21,49.1000
2008-10-22,49.2500
2008-10-23,49.8200
2008-10-24,49.9600
2008-10-27,49.8000
2008-10-28,49.5700
2008-10-29,49.7100
2008-10-30,49.6800
2008-10-31,49.4000
2008-11-03,48.6100
2008-11-04,47.2500
2008-11-05,47.2800
2008-11-06,47.6400
2008-11-07,47.5400
2008-11-10,47.3000
2008-11-11,
2008-11-12,49.2000
2008-11-13,49.0000
2008-11-14,48.7800
2008-11-17,49.1900
2008-11-18,49.5100
2008-11-19,49.8400
2008-11-20,50.1200
2008-11-21,49.5300
2008-11-24,49.9400
2008-11-25,49.8700
2008-11-26,49.1800
2008-11-27,
2008-11-28,49.5500
2008-12-01,49.9400
2008-12-02,50.0500
2008-12-03,49.9200
2008-12-04,49.8200
2008-12-05,49.6000
2008-12-08,49.4400
2008-12-09,49.2800
2008-12-10,48.7000
2008-12-11,48.1900
2008-12-12,48.2000
2008-12-15,47.6200
2008-12-16,47.8100
2008-12-17,47.5000
2008-12-18,46.7400
2008-12-19,47.0500
2008-12-22,47.7100
2008-12-23,48.6600
2008-12-24,47.7600
2008-12-25,
2008-12-26,48.4200
2008-12-29,48.2500
2008-12-30,48.0500
2008-12-31,48.5800
2009-01-01,
2009-01-02,48.2500
2009-01-05,48.5000
2009-01-06,48.5000
2009-01-07,48.5600
2009-01-08,48.4500
2009-01-09,48.2600
2009-01-12,48.7800
2009-01-13,48.8900
2009-01-14,48.7500
2009-01-15,48.8700
2009-01-16,48.6200
2009-01-19,
2009-01-20,49.0100
2009-01-21,49.0000
2009-01-22,49.0700
2009-01-23,49.0000
2009-01-26,48.5000
2009-01-27,48.8500
2009-01-28,48.8100
2009-01-29,48.4900
2009-01-30,48.8300
2009-02-02,48.8400
2009-02-03,48.3700
2009-02-04,48.6800
2009-02-05,48.7200
2009-02-06,48.6100
2009-02-09,48.5200
2009-02-10,48.6800
2009-02-11,48.7800
2009-02-12,48.7000
2009-02-13,48.5800
2009-02-16,
2009-02-17,49.6000
2009-02-18,49.8400
2009-02-19,49.7300
2009-02-20,49.7100
2009-02-23,49.4600
2009-02-24,49.7500
2009-02-25,49.9500
2009-02-26,50.3200
2009-02-27,50.8800
2009-03-02,51.8000
2009-03-03,51.9600
2009-03-04,51.5300
2009-03-05,51.6000
2009-03-06,51.6800
2009-03-09,51.9100
2009-03-10,51.3500
2009-03-11,50.9800
2009-03-12,51.6900
2009-03-13,51.5400
2009-03-16,51.3100
2009-03-17,51.4200
2009-03-18,51.2200
2009-03-19,50.2100
2009-03-20,50.5100
2009-03-23,50.3800
2009-03-24,50.4000
2009-03-25,50.5000
2009-03-26,50.4000
2009-03-27,50.4600
2009-03-30,51.1200
2009-03-31,50.8700
2009-04-01,50.4800
2009-04-02,50.2200
2009-04-03,49.9100
2009-04-06,50.0100
2009-04-07,50.0000
2009-04-08,50.2800
2009-04-09,49.8200
2009-04-10,49.7800
2009-04-13,49.7700
2009-04-14,49.6200
2009-04-15,49.5500
2009-04-16,49.6300
2009-04-17,49.8000
2009-04-20,49.7800
2009-04-21,50.4500
2009-04-22,50.2000
2009-04-23,49.8800
2009-04-24,49.6900
2009-04-27,50.1500
2009-04-28,50.4700
2009-04-29,50.0500
2009-04-30,49.7000
2009-05-01,49.6500
2009-05-04,49.7500
2009-05-05,49.2200
2009-05-06,49.4000
2009-05-07,49.0900
2009-05-08,49.1300
2009-05-11,49.4400
2009-05-12,49.2100
2009-05-13,49.5800
2009-05-14,49.6500
2009-05-15,49.3800
2009-05-18,47.5800
2009-05-19,47.6500
2009-05-20,47.3000
2009-05-21,47.3000
2009-05-22,46.9500
2009-05-25,
2009-05-26,47.7000
2009-05-27,47.6100
2009-05-28,47.5000
2009-05-29,47.1100
2009-06-01,46.7800
2009-06-02,46.8400
2009-06-03,46.8800
2009-06-04,47.1900
2009-06-05,47.0500
2009-06-08,47.5000
2009-06-09,47.3000
2009-06-10,47.1800
2009-06-11,47.4900
2009-06-12,47.6000
2009-06-15,47.6700
2009-06-16,47.6100
2009-06-17,47.9600
2009-06-18,48.1800
2009-06-19,48.0000
2009-06-22,48.5000
2009-06-23,48.4500
2009-06-24,48.4000
2009-06-25,48.5000
2009-06-26,48.0000
2009-06-29,48.0000
2009-06-30,47.7400
2009-07-01,47.7500
2009-07-02,47.9000
2009-07-03,47.8000
2009-07-06,48.5000
2009-07-07,48.4400
2009-07-08,48.8000
2009-07-09,48.5700
2009-07-10,48.7600
2009-07-13,49.1600
2009-07-14,48.9550
2009-07-15,48.5500
2009-07-16,48.6100
2009-07-17,48.5600
2009-07-20,48.1000
2009-07-21,48.2000
2009-07-22,48.4500
2009-07-23,48.2500
2009-07-24,48.1600
2009-07-27,48.1100
2009-07-28,48.2000
2009-07-29,48.2500
2009-07-30,48.3500
2009-07-31,47.9100
2009-08-03,47.4000
2009-08-04,47.4600
2009-08-05,47.2700
2009-08-06,47.5200
2009-08-07,47.7200
2009-08-10,47.7000
2009-08-11,47.8800
2009-08-12,48.2200
2009-08-13,48.1100
2009-08-14,48.1800
2009-08-17,48.8200
2009-08-18,48.7900
2009-08-19,48.7000
2009-08-20,48.5800
2009-08-21,48.4300
2009-08-24,48.5000
2009-08-25,48.7550
2009-08-26,48.9000
2009-08-27,48.8100
2009-08-28,48.5200
2009-08-31,48.8300
2009-09-01,49.0500
2009-09-02,48.8800
2009-09-03,48.8700
2009-09-04,48.8600
2009-09-07,
2009-09-08,48.4000
2009-09-09,48.3300
2009-09-10,48.4500
2009-09-11,48.3900
2009-09-14,48.6700
2009-09-15,48.5000
2009-09-16,48.2000
2009-09-17,48.1000
2009-09-18,48.0200
2009-09-21,47.9500
2009-09-22,47.8600
2009-09-23,47.9000
2009-09-24,47.8900
2009-09-25,47.9300
2009-09-28,47.7500
2009-09-29,48.0500
2009-09-30,48.0900
2009-10-01,47.7200
2009-10-02,47.6100
2009-10-05,47.3900
2009-10-06,46.7900
2009-10-07,46.5800
2009-10-08,46.2000
2009-10-09,46.4400
2009-10-12,
2009-10-13,46.2800
2009-10-14,46.0000
2009-10-15,46.0400
2009-10-16,46.2000
2009-10-19,46.0200
2009-10-20,46.2400
2009-10-21,46.3400
2009-10-22,46.5900
2009-10-23,46.4100
2009-10-26,46.6800
2009-10-27,46.9300
2009-10-28,47.1600
2009-10-29,47.1800
2009-10-30,46.9000
2009-11-02,46.8100
2009-11-03,47.3700
2009-11-04,46.9400
2009-11-05,46.9300
2009-11-06,46.8300
2009-11-09,46.3600
2009-11-10,46.3000
2009-11-11,
2009-11-12,46.6000
2009-11-13,46.2400
2009-11-16,46.0600
2009-11-17,46.2000
2009-11-18,46.2000
2009-11-19,46.7300
2009-11-20,46.6300
2009-11-23,46.4000
2009-11-24,46.3100
2009-11-25,46.1800
2009-11-26,
2009-11-27,46.5500
2009-11-30,46.4400
2009-12-01,46.2100
2009-12-02,46.2400
2009-12-03,46.0000
2009-12-04,46.1000
2009-12-07,46.4500
2009-12-08,46.6000
2009-12-09,46.5100
2009-12-10,46.5000
2009-12-11,46.4700
2009-12-14,46.6500
2009-12-15,46.7000
2009-12-16,46.5700
2009-12-17,46.8500
2009-12-18,46.6900
2009-12-21,46.8000
2009-12-22,46.7800
2009-12-23,46.8000
2009-12-24,46.7200
2009-12-25,
2009-12-28,46.4400
2009-12-29,46.5600
2009-12-30,46.5600
2009-12-31,46.4000
2010-01-01,
2010-01-04,46.2700
2010-01-05,46.1300
2010-01-06,45.7200
2010-01-07,45.6700
2010-01-08,45.5000
2010-01-11,45.3500
2010-01-12,45.6000
2010-01-13,45.4700
2010-01-14,45.5500
2010-01-15,45.8000
2010-01-18,
2010-01-19,45.8400
2010-01-20,46.1000
2010-01-21,46.1000
2010-01-22,46.2100
2010-01-25,46.0600
2010-01-26,
2010-01-27,46.3000
2010-01-28,46.3500
2010-01-29,46.0800
2010-02-01,46.2700
2010-02-02,46.1100
2010-02-03,45.9700
2010-02-04,46.2100
2010-02-05,46.7200
2010-02-08,46.7900
2010-02-09,46.4900
2010-02-10,46.3600
2010-02-11,46.3900
2010-02-12,46.4400
2010-02-15,
2010-02-16,45.9900
2010-02-17,46.0000
2010-02-18,46.2000
2010-02-19,46.2400
2010-02-22,46.1500
2010-02-23,46.2500
2010-02-24,46.2700
2010-02-25,46.2900
2010-02-26,46.0500
2010-03-01,46.0100
2010-03-02,46.0100
2010-03-03,45.5500
2010-03-04,45.8200
2010-03-05,45.4900
2010-03-08,45.5000
2010-03-09,45.6000
2010-03-10,45.3500
2010-03-11,45.4900
2010-03-12,45.4800
2010-03-15,45.5500
2010-03-16,45.4500
2010-03-17,45.2800
2010-03-18,45.4500
2010-03-19,45.3100
2010-03-22,45.5200
2010-03-23,45.5000
2010-03-24,45.4000
2010-03-25,45.5000
2010-03-26,45.1600
2010-03-29,44.9400
2010-03-30,45.0600
2010-03-31,44.9500
2010-04-01,44.7900
2010-04-02,44.7400
2010-04-05,44.3900
2010-04-06,44.4100
2010-04-07,44.4400
2010-04-08,44.4100
2010-04-09,44.1000
2010-04-12,44.4100
2010-04-13,44.4675
2010-04-14,44.2000
2010-04-15,44.3200
2010-04-16,44.3000
2010-04-19,44.7200
2010-04-20,44.5000
2010-04-21,44.5400
2010-04-22,44.5200
2010-04-23,44.4200
2010-04-26,44.3300
2010-04-27,44.4100
2010-04-28,44.5400
2010-04-29,44.6100
2010-04-30,44.2000
2010-05-03,44.4600
2010-05-04,44.6200
2010-05-05,44.8200
2010-05-06,45.2900
2010-05-07,45.4000
2010-05-10,44.8400
2010-05-11,45.1000
2010-05-12,45.0800
2010-05-13,45.0000
2010-05-14,45.2000
2010-05-17,45.5100
2010-05-18,45.5100
2010-05-19,46.2700
2010-05-20,46.8000
2010-05-21,46.9000
2010-05-24,46.9700
2010-05-25,47.4900
2010-05-26,47.1000
2010-05-27,46.7100
2010-05-28,46.3100
2010-05-31,
2010-06-01,47.0800
2010-06-02,46.8900
2010-06-03,46.5500
2010-06-04,46.8500
2010-06-07,47.0800
2010-06-08,46.8200
2010-06-09,46.9500
2010-06-10,46.8900
2010-06-11,46.7600
2010-06-14,46.4000
2010-06-15,46.4100
2010-06-16,46.4300
2010-06-17,46.2200
2010-06-18,45.9600
2010-06-21,45.6400
2010-06-22,46.0000
2010-06-23,46.1850
2010-06-24,46.4775
2010-06-25,46.3600
2010-06-28,46.2000
2010-06-29,46.4000
2010-06-30,46.4100
2010-07-01,46.5900
2010-07-02,46.5500
2010-07-05,
2010-07-06,46.7600
2010-07-07,46.9600
2010-07-08,46.8650
2010-07-09,46.6600
2010-07-12,46.6600
2010-07-13,46.7400
2010-07-14,46.7100
2010-07-15,46.5000
2010-07-16,46.7000
2010-07-19,47.1000
2010-07-20,47.2300
2010-07-21,47.0800
2010-07-22,47.1200
2010-07-23,46.9000
2010-07-26,47.0400
2010-07-27,46.2500
2010-07-28,46.7000
2010-07-29,46.5300
2010-07-30,46.3500
2010-08-02,46.0900
2010-08-03,46.1100
2010-08-04,46.0200
2010-08-05,46.0600
2010-08-06,45.9400
2010-08-09,46.0700
2010-08-10,46.3000
2010-08-11,46.6600
2010-08-12,46.7000
2010-08-13,46.6100
2010-08-16,46.6800
2010-08-17,46.6000
2010-08-18,46.5400
2010-08-19,46.3500
2010-08-20,45.7000
2010-08-23,46.5000
2010-08-24,46.8600
2010-08-25,46.8700
2010-08-26,46.7800
2010-08-27,46.8000
2010-08-30,46.8700
2010-08-31,47.0200
2010-09-01,46.7400
2010-09-02,46.6500
2010-09-03,46.5800
2010-09-06,
2010-09-07,46.8200
2010-09-08,46.5000
2010-09-09,46.3000
2010-09-10,46.2800
2010-09-13,46.2600
2010-09-14,46.1500
2010-09-15,46.2300
2010-09-16,46.1400
2010-09-17,45.8800
2010-09-20,45.6500
2010-09-21,45.5900
2010-09-22,45.5600
2010-09-23,45.5600
2010-09-24,45.1000
2010-09-27,44.9400
2010-09-28,45.0400
2010-09-29,44.8000
2010-09-30,44.5600
2010-10-01,44.4100
2010-10-04,44.5500
2010-10-05,44.4600
2010-10-06,44.2500
2010-10-07,44.2100
2010-10-08,44.3900
2010-10-11,
2010-10-12,44.5500
2010-10-13,44.3500
2010-10-14,44.0500
2010-10-15,44.1500
2010-10-18,44.2600
2010-10-19,44.3000
2010-10-20,44.2500
2010-10-21,44.2500
2010-10-22,44.5200
2010-10-25,44.3900
2010-10-26,44.5400
2010-10-27,44.4000
2010-10-28,44.3600
2010-10-29,44.4400
2010-11-01,44.3600
2010-11-02,44.0000
2010-11-03,44.3800
2010-11-04,44.0800
2010-11-05,43.9000
2010-11-08,44.2900
2010-11-09,44.2500
2010-11-10,44.2800
2010-11-11,
2010-11-12,44.7800
2010-11-15,45.1100
2010-11-16,45.5100
2010-11-17,45.0900
2010-11-18,45.1400
2010-11-19,45.2500
2010-11-22,45.4800
2010-11-23,45.5600
2010-11-24,45.7200
2010-11-25,
2010-11-26,45.8200
2010-11-29,45.8000
2010-11-30,45.8300
2010-12-01,45.2900
2010-12-02,45.0900
2010-12-03,44.9000
2010-12-06,44.8900
2010-12-07,44.7000
2010-12-08,45.0000
2010-12-09,45.1300
2010-12-10,45.1000
2010-12-13,45.1800
2010-12-14,45.0100
2010-12-15,45.3800
2010-12-16,45.5400
2010-12-17,45.1600
2010-12-20,45.4000
2010-12-21,45.1900
2010-12-22,45.0500
2010-12-23,45.0600
2010-12-24,
2010-12-27,45.2600
2010-12-28,45.0000
2010-12-29,44.9700
2010-12-30,44.8000
2010-12-31,
2011-01-03,44.5900
2011-01-04,44.9000
2011-01-05,45.3500
2011-01-06,45.1500
2011-01-07,45.3500
2011-01-10,45.3600
2011-01-11,45.0800
2011-01-12,45.0200
2011-01-13,45.0200
2011-01-14,45.4100
2011-01-17,
2011-01-18,45.3200
2011-01-19,45.5000
2011-01-20,45.7700
2011-01-21,45.5800
2011-01-24,45.5100
2011-01-25,45.7000
2011-01-26,45.4600
2011-01-27,45.6800
2011-01-28,45.8300
2011-01-31,45.9200
2011-02-01,45.6500
2011-02-02,45.5500
2011-02-03,45.6600
2011-02-04,45.6000
2011-02-07,45.3500
2011-02-08,45.1500
2011-02-09,45.3600
2011-02-10,45.6400
2011-02-11,45.6000
2011-02-14,45.4400
2011-02-15,45.4100
2011-02-16,45.4000
2011-02-17,45.2500
2011-02-18,45.1000
2011-02-21,
2011-02-22,45.1500
2011-02-23,45.0600
2011-02-24,45.4000
2011-02-25,45.2600
2011-02-28,45.1800
2011-03-01,44.8200
2011-03-02,44.8100
2011-03-03,45.0400
2011-03-04,44.8900
2011-03-07,44.9500
2011-03-08,45.0300
2011-03-09,44.8800
2011-03-10,45.1700
2011-03-11,45.2400
2011-03-14,44.9900
2011-03-15,45.2200
2011-03-16,45.0000
2011-03-17,45.1200
2011-03-18,45.0600
2011-03-21,44.9800
2011-03-22,44.9500
2011-03-23,44.8000
2011-03-24,44.6900
2011-03-25,44.6000
2011-03-28,44.8000
2011-03-29,44.7000
2011-03-30,44.7500
2011-03-31,44.5400
2011-04-01,44.4400
2011-04-04,44.3000
2011-04-05,44.3000
2011-04-06,44.0600
2011-04-07,44.1800
2011-04-08,44.0500
2011-04-11,44.3300
2011-04-12,44.1700
2011-04-13,44.4600
2011-04-14,44.3900
2011-04-15,44.2600
2011-04-18,44.3600
2011-04-19,44.4900
2011-04-20,44.3300
2011-04-21,44.2600
2011-04-22,44.3600
2011-04-25,44.4100
2011-04-26,44.5100
2011-04-27,44.0000
2011-04-28,44.4200
2011-04-29,44.2400
2011-05-02,44.2700
2011-05-03,44.4700
2011-05-04,44.3500
2011-05-05,44.7600
2011-05-06,44.7200
2011-05-09,44.6800
2011-05-10,44.7500
2011-05-11,44.5900
2011-05-12,44.9800
2011-05-13,44.8600
2011-05-16,45.1500
2011-05-17,45.1300
2011-05-18,45.0600
2011-05-19,44.9000
2011-05-20,44.9900
2011-05-23,45.2200
2011-05-24,45.2100
2011-05-25,45.3200
2011-05-26,45.3300
2011-05-27,45.1700
2011-05-30,
2011-05-31,45.0400
2011-06-01,44.8400
2011-06-02,44.8600
2011-06-03,44.8200
2011-06-06,44.7800
2011-06-07,44.6700
2011-06-08,44.7200
2011-06-09,44.6400
2011-06-10,44.7200
2011-06-13,44.8500
2011-06-14,44.7400
2011-06-15,44.7900
2011-06-16,44.8800
2011-06-17,44.7600
2011-06-20,44.9200
2011-06-21,44.8400
2011-06-22,44.8200
2011-06-23,44.8900
2011-06-24,44.9900
2011-06-27,44.9400
2011-06-28,45.0000
2011-06-29,44.7800
2011-06-30,44.5900
2011-07-01,44.6200
2011-07-04,
2011-07-05,44.3500
2011-07-06,44.4800
2011-07-07,44.3200
2011-07-08,44.4100
2011-07-11,44.4800
2011-07-12,44.6000
2011-07-13,44.5200
2011-07-14,44.5000
2011-07-15,44.5100
2011-07-18,44.6000
2011-07-19,44.4800
2011-07-20,44.4400
2011-07-21,44.4000
2011-07-22,44.3400
2011-07-25,44.3900
2011-07-26,44.1000
2011-07-27,44.1500
2011-07-28,44.0300
2011-07-29,44.2000
2011-08-01,44.0600
2011-08-02,44.2600
2011-08-03,44.3100
2011-08-04,44.5600
2011-08-05,44.7300
2011-08-08,45.0000
2011-08-09,45.2000
2011-08-10,45.2500
2011-08-11,45.2900
2011-08-12,45.3900
2011-08-15,45.2300
2011-08-16,45.2500
2011-08-17,45.3000
2011-08-18,45.7100
2011-08-19,45.6600
2011-08-22,45.5600
2011-08-23,45.6200
2011-08-24,45.8900
2011-08-25,46.0400
2011-08-26,46.1500
2011-08-29,45.9500
2011-08-30,46.0100
2011-08-31,45.7900
2011-09-01,45.6600
2011-09-02,45.7400
2011-09-05,
2011-09-06,46.0000
2011-09-07,46.0700
2011-09-08,46.2000
2011-09-09,46.6400
2011-09-12,47.2200
2011-09-13,47.4900
2011-09-14,47.5800
2011-09-15,47.5400
2011-09-16,47.2700
2011-09-19,47.7200
2011-09-20,47.9300
2011-09-21,48.3200
2011-09-22,49.4700
2011-09-23,49.3400
2011-09-26,49.4700
2011-09-27,48.9200
2011-09-28,48.9400
2011-09-29,48.9300
2011-09-30,49.0500
2011-10-03,49.0900
2011-10-04,49.3000
2011-10-05,49.2400
2011-10-06,49.1800
2011-10-07,48.8900
2011-10-10,
2011-10-11,49.2400
2011-10-12,48.9500
2011-10-13,49.2200
2011-10-14,48.8900
2011-10-17,49.0300
2011-10-18,49.3300
2011-10-19,49.1700
2011-10-20,49.8600
2011-10-21,49.8200
2011-10-24,49.7200
2011-10-25,49.4100
2011-10-26,49.4000
2011-10-27,49.0000
2011-10-28,48.6300
2011-10-31,48.6700
2011-11-01,49.2600
2011-11-02,49.1000
2011-11-03,49.0400
2011-11-04,48.9900
2011-11-07,48.9400
2011-11-08,49.3900
2011-11-09,50.0500
2011-11-10,49.9800
2011-11-11,
2011-11-14,50.3700
2011-11-15,50.6200
2011-11-16,50.6600
2011-11-17,50.9500
2011-11-18,51.2300
2011-11-21,52.0600
2011-11-22,52.4800
2011-11-23,52.2600
2011-11-24,
2011-11-25,52.2300
2011-11-28,51.9400
2011-11-29,51.9000
2011-11-30,52.1200
2011-12-01,51.3600
2011-12-02,50.5000
2011-12-05,51.3100
2011-12-06,51.2300
2011-12-07,51.6200
2011-12-08,51.7000
2011-12-09,51.8700
2011-12-12,52.6000
2011-12-13,53.0900
2011-12-14,53.7100
2011-12-15,53.5500
2011-12-16,52.4900
2011-12-19,52.6900
2011-12-20,52.7600
2011-12-21,52.3900
2011-12-22,52.5600
2011-12-23,52.7800
2011-12-26,
2011-12-27,52.9300
2011-12-28,52.8800
2011-12-29,53.0000
2011-12-30,53.0100
2012-01-02,
2012-01-03,53.1100
2012-01-04,52.8500
2012-01-05,52.8900
2012-01-06,52.6700
2012-01-09,52.3900
2012-01-10,51.5900
2012-01-11,51.7800
2012-01-12,51.5100
2012-01-13,51.4300
2012-01-16,
2012-01-17,50.6900
2012-01-18,50.4000
2012-01-19,50.3000
2012-01-20,50.2200
2012-01-23,49.9900
2012-01-24,50.0200
2012-01-25,50.1800
2012-01-26,49.4200
2012-01-27,49.3900
2012-01-30,49.6600
2012-01-31,49.5400
2012-02-01,49.2738
2012-02-02,49.0300
2012-02-03,48.6500
2012-02-06,49.0500
2012-02-07,49.2000
2012-02-08,49.2200
2012-02-09,49.3500
2012-02-10,49.4800
2012-02-13,49.1400
2012-02-14,49.4000
2012-02-15,49.3500
2012-02-16,49.4300
2012-02-17,49.3100
2012-02-20,
2012-02-21,49.2100
2012-02-22,49.2400
2012-02-23,49.1900
2012-02-24,48.9800
2012-02-27,49.1200
2012-02-28,49.0100
2012-02-29,48.9900
2012-03-01,49.1400
2012-03-02,49.5500
2012-03-05,49.8200
2012-03-06,50.3763
2012-03-07,50.2700
2012-03-08,50.1700
2012-03-09,49.7500
2012-03-12,49.9800
2012-03-13,49.9200
2012-03-14,50.0000
2012-03-15,50.2800
2012-03-16,50.1100
2012-03-19,50.1600
2012-03-20,50.4800
2012-03-21,50.6000
2012-03-22,51.2800
2012-03-23,51.1800
2012-03-26,51.0300
2012-03-27,50.6600
2012-03-28,50.9700
2012-03-29,51.3800
2012-03-30,50.8900
2012-04-02,50.7900
2012-04-03,50.6400
2012-04-04,51.1800
2012-04-05,51.1100
2012-04-06,51.1400
2012-04-09,51.1000
2012-04-10,51.4700
2012-04-11,51.5000
2012-04-12,51.2200
2012-04-13,51.4500
2012-04-16,51.6000
2012-04-17,51.4100
2012-04-18,51.7900
2012-04-19,52.0700
2012-04-20,52.0200
2012-04-23,52.3800
2012-04-24,52.6300
2012-04-25,52.4500
2012-04-26,52.4400
2012-04-27,52.4500
2012-04-30,52.6500
2012-05-01,52.5000
2012-05-02,52.9700
2012-05-03,53.3300
2012-05-04,53.4100
2012-05-07,52.9100
2012-05-08,53.1400
2012-05-09,53.7500
2012-05-10,53.2500
2012-05-11,53.6300
2012-05-14,53.9200
2012-05-15,53.9100
2012-05-16,54.3400
2012-05-17,54.3700
2012-05-18,54.4800
2012-05-21,54.9700
2012-05-22,55.3400
2012-05-23,55.9500
2012-05-24,55.5500
2012-05-25,55.3500
2012-05-28,
2012-05-29,55.7100
2012-05-30,56.1300
2012-05-31,56.3800
2012-06-01,55.4400
2012-06-04,55.6500
2012-06-05,55.5400
2012-06-06,55.2600
2012-06-07,54.9100
2012-06-08,55.3900
2012-06-11,55.6900
2012-06-12,55.6000
2012-06-13,55.5600
2012-06-14,55.7000
2012-06-15,55.3400
2012-06-18,55.8500
2012-06-19,55.8700
2012-06-20,56.2400
2012-06-21,56.2500
2012-06-22,57.1100
2012-06-25,57.1300
2012-06-26,56.9500
2012-06-27,56.9300
2012-06-28,56.8100
2012-06-29,55.5700
2012-07-02,55.4500
2012-07-03,54.3100
2012-07-04,
2012-07-05,54.9500
2012-07-06,55.4700
2012-07-09,55.8700
2012-07-10,55.3900
2012-07-11,55.5200
2012-07-12,55.8300
2012-07-13,55.1000
2012-07-16,55.0500
2012-07-17,55.0300
2012-07-18,55.3300
2012-07-19,55.1600
2012-07-20,55.2700
2012-07-23,55.9200
2012-07-24,56.2200
2012-07-25,56.1000
2012-07-26,55.5900
2012-07-27,55.3900
2012-07-30,55.4200
2012-07-31,55.5500
2012-08-01,55.4700
2012-08-02,55.8400
2012-08-03,55.7500
2012-08-06,55.5200
2012-08-07,55.0600
2012-08-08,55.2800
2012-08-09,55.1700
2012-08-10,55.1800
2012-08-13,55.3400
2012-08-14,55.6600
2012-08-15,55.6600
2012-08-16,55.6200
2012-08-17,55.6200
2012-08-20,55.5000
2012-08-21,55.4600
2012-08-22,55.5000
2012-08-23,55.1400
2012-08-24,55.4100
2012-08-27,55.6800
2012-08-28,55.6500
2012-08-29,55.6900
2012-08-30,55.6300
2012-08-31,55.5200
2012-09-03,
2012-09-04,55.6100
2012-09-05,55.8800
2012-09-06,55.6400
2012-09-07,55.2700
2012-09-10,55.4400
2012-09-11,55.2500
2012-09-12,55.2100
2012-09-13,55.3400
2012-09-14,53.3000
2012-09-17,53.8800
2012-09-18,53.9000
2012-09-19,53.9900
2012-09-20,54.2600
2012-09-21,53.4600
2012-09-24,53.4300
2012-09-25,53.3600
2012-09-26,53.5200
2012-09-27,52.9900
2012-09-28,52.9200
2012-10-01,52.4600
2012-10-02,52.4200
2012-10-03,52.2500
2012-10-04,51.7400
2012-10-05,51.7700
2012-10-08,
2012-10-09,52.7300
2012-10-10,53.0500
2012-10-11,52.6600
2012-10-12,52.8100
2012-10-15,53.0900
2012-10-16,52.8900
2012-10-17,52.8600
2012-10-18,53.4600
2012-10-19,54.0800
2012-10-22,53.5100
2012-10-23,53.7200
2012-10-24,53.7300
2012-10-25,53.5500
2012-10-26,53.5500
2012-10-29,54.1000
2012-10-30,53.9600
2012-10-31,53.8000
2012-11-01,53.7600
2012-11-02,53.7500
2012-11-05,54.6000
2012-11-06,54.4200
2012-11-07,54.3700
2012-11-08,54.3000
2012-11-09,54.6100
2012-11-12,
2012-11-13,54.8200
2012-11-14,54.8700
2012-11-15,54.6500
2012-11-16,55.1600
2012-11-19,55.0500
2012-11-20,55.1000
2012-11-21,55.1400
2012-11-22,
2012-11-23,55.4400
2012-11-26,55.6300
2012-11-27,55.3500
2012-11-28,55.7000
2012-11-29,54.7100
2012-11-30,54.2600
2012-12-03,54.6600
2012-12-04,54.7300
2012-12-05,54.4600
2012-12-06,54.3100
2012-12-07,54.3500
2012-12-10,54.4200
2012-12-11,54.3100
2012-12-12,54.2300
2012-12-13,54.3600
2012-12-14,54.4900
2012-12-17,54.6800
2012-12-18,54.9100
2012-12-19,54.6700
2012-12-20,54.9200
2012-12-21,55.0600
2012-12-24,54.9500
2012-12-25,
2012-12-26,54.8600
2012-12-27,54.9400
2012-12-28,54.7700
2012-12-31,54.8600
2013-01-01,
2013-01-02,54.2300
2013-01-03,54.4600
2013-01-04,54.9300
2013-01-07,55.2000
2013-01-08,55.0200
2013-01-09,54.7900
2013-01-10,54.4900
2013-01-11,54.8100
2013-01-14,54.5000
2013-01-15,54.5800
2013-01-16,54.6600
2013-01-17,54.3500
2013-01-18,53.8200
2013-01-21,
2013-01-22,53.7200
2013-01-23,53.6600
2013-01-24,53.6700
2013-01-25,53.7800
2013-01-28,53.9700
2013-01-29,53.6400
2013-01-30,53.2100
2013-01-31,53.3200
2013-02-01,53.1600
2013-02-04,53.2400
2013-02-05,52.9900
2013-02-06,53.0700
2013-02-07,53.2200
2013-02-08,53.5800
2013-02-11,53.9500
2013-02-12,53.7500
2013-02-13,53.7900
2013-02-14,53.9400
2013-02-15,54.2800
2013-02-18,
2013-02-19,54.2600
2013-02-20,54.1800
2013-02-21,54.4700
2013-02-22,54.2800
2013-02-25,53.9600
2013-02-26,54.1400
2013-02-27,53.7200
2013-02-28,54.3700
2013-03-01,54.9000
2013-03-04,54.9200
2013-03-05,54.8700
2013-03-06,54.8300
2013-03-07,54.4500
2013-03-08,54.3200
2013-03-11,54.3800
2013-03-12,54.1900
2013-03-13,54.3000
2013-03-14,54.2200
2013-03-15,54.0600
2013-03-18,54.1000
2013-03-19,54.4000
2013-03-20,54.3200
2013-03-21,54.2700
2013-03-22,54.3000
2013-03-25,54.2200
2013-03-26,54.4200
2013-03-27,54.4500
2013-03-28,54.4400
2013-03-29,54.5200
2013-04-01,54.2800
2013-04-02,54.4300
2013-04-03,54.4600
2013-04-04,54.9100
2013-04-05,54.7500
2013-04-08,54.5800
2013-04-09,54.4700
2013-04-10,54.4100
2013-04-11,54.3600
2013-04-12,54.6200
2013-04-15,54.4800
2013-04-16,54.0800
2013-04-17,54.1600
2013-04-18,53.9500
2013-04-19,53.9800
2013-04-22,54.1900
2013-04-23,54.3900
2013-04-24,54.2200
2013-04-25,54.1100
2013-04-26,54.4100
2013-04-29,54.2000
2013-04-30,53.6800
2013-05-01,53.6500
2013-05-02,53.7900
2013-05-03,53.8000
2013-05-06,54.1300
2013-05-07,54.0600
2013-05-08,54.0800
2013-05-09,54.3400
2013-05-10,54.9400
2013-05-13,54.8500
2013-05-14,54.5000
2013-05-15,54.7800
2013-05-16,54.6800
2013-05-17,55.1700
2013-05-20,55.0200
2013-05-21,55.4200
2013-05-22,55.6200
2013-05-23,55.7000
2013-05-24,55.7800
2013-05-27,
2013-05-28,56.0700
2013-05-29,56.2800
2013-05-30,56.5000
2013-05-31,56.5000
2013-06-03,56.6600
2013-06-04,56.4300
2013-06-05,56.8400
2013-06-06,56.9200
2013-06-07,56.5700
2013-06-10,58.1300
2013-06-11,58.3400
2013-06-12,57.8200
2013-06-13,58.0700
2013-06-14,57.5600
2013-06-17,57.9700
2013-06-18,58.7900
2013-06-19,58.7000
2013-06-20,59.5700
2013-06-21,59.4300
2013-06-24,59.8000
2013-06-25,59.6600
2013-06-26,60.7000
2013-06-27,60.1900
2013-06-28,59.5200
2013-07-01,59.3800
2013-07-02,59.5400
2013-07-03,60.2100
2013-07-04,
2013-07-05,60.2300
2013-07-08,60.7500
2013-07-09,60.0900
2013-07-10,59.8800
2013-07-11,59.8200
2013-07-12,59.8800
2013-07-15,59.8900
2013-07-16,59.2900
2013-07-17,59.3400
2013-07-18,59.5900
2013-07-19,59.3700
2013-07-22,59.7100
2013-07-23,59.6400
2013-07-24,59.1400
2013-07-25,59.0100
2013-07-26,59.0800
2013-07-29,59.3300
2013-07-30,60.8000
2013-07-31,60.7700
2013-08-01,60.4500
2013-08-02,60.8800
2013-08-05,60.8800
2013-08-06,60.7800
2013-08-07,61.2000
2013-08-08,60.7200
2013-08-09,60.3400
2013-08-12,61.1500
2013-08-13,61.3300
2013-08-14,61.2700
2013-08-15,61.4100
2013-08-16,61.6500
2013-08-19,63.1300
2013-08-20,63.2100
2013-08-21,64.1100
2013-08-22,64.5500
2013-08-23,63.2200
2013-08-26,64.2600
2013-08-27,66.2400
2013-08-28,68.8000
2013-08-29,66.5500
2013-08-30,65.7100
2013-09-02,
2013-09-03,67.7100
2013-09-04,67.0800
2013-09-05,66.0100
2013-09-06,65.2300
2013-09-09,65.2400
2013-09-10,63.8300
2013-09-11,63.2600
2013-09-12,63.4200
2013-09-13,63.3600
2013-09-16,62.8300
2013-09-17,63.3600
2013-09-18,63.3700
2013-09-19,61.7600
2013-09-20,62.2700
2013-09-23,62.5700
2013-09-24,62.7200
2013-09-25,62.2000
2013-09-26,61.6800
2013-09-27,62.4800
2013-09-30,62.5800
2013-10-01,62.4600
2013-10-02,62.4600
2013-10-03,61.9700
2013-10-04,61.4200
2013-10-07,61.7900
2013-10-08,61.7900
2013-10-09,61.9200
2013-10-10,61.3000
2013-10-11,61.0700
2013-10-14,
2013-10-15,61.8400
2013-10-16,61.7200
2013-10-17,61.1300
2013-10-18,61.2600
2013-10-21,61.5600
2013-10-22,61.6400
2013-10-23,61.5400
2013-10-24,61.4800
2013-10-25,61.4000
2013-10-28,61.5400
2013-10-29,61.3400
2013-10-30,61.0900
2013-10-31,61.6100
2013-11-01,61.8400
2013-11-04,61.7400
2013-11-05,61.7600
2013-11-06,62.4800
2013-11-07,62.4100
2013-11-08,62.4800
2013-11-11,
2013-11-12,63.7300
2013-11-13,63.2800
2013-11-14,63.1200
2013-11-15,62.9700
2013-11-18,62.0700
2013-11-19,62.2600
2013-11-20,62.3400
2013-11-21,62.9400
2013-11-22,62.7200
2013-11-25,62.3700
2013-11-26,62.4700
2013-11-27,62.4700
2013-11-28,
2013-11-29,62.3900
2013-12-02,62.3000
2013-12-03,62.3800
2013-12-04,61.9000
2013-12-05,61.6000
2013-12-06,61.4300
2013-12-09,60.8700
2013-12-10,61.0400
2013-12-11,61.3800
2013-12-12,61.8500
2013-12-13,62.1600
2013-12-16,61.6800
2013-12-17,61.9200
2013-12-18,62.0600
2013-12-19,62.1400
2013-12-20,61.9800
2013-12-23,61.8300
2013-12-24,61.7500
2013-12-25,
2013-12-26,62.1500
2013-12-27,61.9200
2013-12-30,61.7700
2013-12-31,61.9200
2014-01-01,
2014-01-02,62.3100
2014-01-03,62.1700
2014-01-06,62.3100
2014-01-07,62.3000
2014-01-08,62.0700
2014-01-09,62.0700
2014-01-10,61.4500
2014-01-13,61.5200
2014-01-14,61.5100
2014-01-15,61.5400
2014-01-16,61.5400
2014-01-17,61.5400
2014-01-20,
2014-01-21,61.9400
2014-01-22,61.8600
2014-01-23,62.1100
2014-01-24,62.6800
2014-01-27,63.0900
2014-01-28,62.5600
2014-01-29,62.4600
2014-01-30,62.5600
2014-01-31,62.6300
2014-02-03,62.6300
2014-02-04,62.2700
2014-02-05,62.5700
2014-02-06,62.1400
2014-02-07,62.0900
2014-02-10,62.4400
2014-02-11,62.1500
2014-02-12,61.8400
2014-02-13,62.2300
2014-02-14,61.8700
2014-02-17,
2014-02-18,62.2000
2014-02-19,62.3200
2014-02-20,62.2100
2014-02-21,62.1300
2014-02-24,62.0700
2014-02-25,61.9600
2014-02-26,62.1100
2014-02-27,62.1100
2014-02-28,61.7800
2014-03-03,62.1700
2014-03-04,61.9100
2014-03-05,61.7500
2014-03-06,60.8900
2014-03-07,61.2400
2014-03-10,60.8400
2014-03-11,61.0100
2014-03-12,61.0100
2014-03-13,61.2000
2014-03-14,61.1900
2014-03-17,61.0800
2014-03-18,61.1000
2014-03-19,60.9500
2014-03-20,61.3300
2014-03-21,60.9000
2014-03-24,60.7800
2014-03-25,60.2700
2014-03-26,60.1300
2014-03-27,60.2600
2014-03-28,59.8900
2014-03-31,60.0000
2014-04-01,59.8600
2014-04-02,59.9000
2014-04-03,60.3500
2014-04-04,60.0800
2014-04-07,60.1100
2014-04-08,60.0800
2014-04-09,60.0900
2014-04-10,60.0700
2014-04-11,60.1800
2014-04-14,60.3200
2014-04-15,60.3400
2014-04-16,60.2200
2014-04-17,60.2900
2014-04-18,60.2900
2014-04-21,60.5900
2014-04-22,60.8000
2014-04-23,61.1700
2014-04-24,61.1100
2014-04-25,60.6400
2014-04-28,60.6900
2014-04-29,60.2300
2014-04-30,60.2100
2014-05-01,60.1100
2014-05-02,60.0200
2014-05-05,60.2100
2014-05-06,59.9700
2014-05-07,60.0100
2014-05-08,60.0600
2014-05-09,60.0000
2014-05-12,59.4800
2014-05-13,59.4400
2014-05-14,59.4900
2014-05-15,59.3800
2014-05-16,58.6200
2014-05-19,58.3800
2014-05-20,58.5800
2014-05-21,58.6600
2014-05-22,58.3000
2014-05-23,58.3600
2014-05-26,
2014-05-27,58.9000
2014-05-28,58.9400
2014-05-29,58.9000
2014-05-30,59.1600
2014-06-02,59.1500
2014-06-03,59.3200
2014-06-04,59.3400
2014-06-05,59.2400
2014-06-06,59.1700
2014-06-09,59.1800
2014-06-10,59.1800
2014-06-11,59.3200
2014-06-12,59.1900
2014-06-13,59.6400
2014-06-16,60.1600
2014-06-17,60.3200
2014-06-18,60.2800
2014-06-19,60.0900
2014-06-20,60.2300
2014-06-23,60.1400
2014-06-24,60.1400
2014-06-25,60.1100
2014-06-26,60.1700
2014-06-27,60.0400
2014-06-30,60.0600
2014-07-01,60.0500
2014-07-02,59.6900
2014-07-03,59.7400
2014-07-04,
2014-07-07,60.0130
2014-07-08,59.7800
2014-07-09,59.7500
2014-07-10,60.1900
2014-07-11,60.0800
2014-07-14,60.1100
2014-07-15,60.1500
2014-07-16,60.1200
2014-07-17,60.3500
2014-07-18,60.3300
2014-07-21,60.2400
2014-07-22,60.1600
2014-07-23,60.0000
2014-07-24,60.1100
2014-07-25,60.0400
2014-07-28,60.1300
2014-07-29,60.1200
2014-07-30,60.4000
2014-07-31,60.5500
2014-08-01,61.2000
2014-08-04,60.9400
2014-08-05,61.0500
2014-08-06,61.2500
2014-08-07,61.2000
2014-08-08,61.1800
2014-08-11,61.1700
2014-08-12,61.0900
2014-08-13,61.2200
2014-08-14,60.7700
2014-08-15,60.7700
2014-08-18,60.7700
2014-08-19,60.6700
2014-08-20,60.5800
2014-08-21,60.5600
2014-08-22,60.4700
2014-08-25,60.5600
2014-08-26,60.4300
2014-08-27,60.4500
2014-08-28,60.5100
2014-08-29,61.5100
2014-09-01,
2014-09-02,60.6900
2014-09-03,60.4100
2014-09-04,60.3800
2014-09-05,60.2600
2014-09-08,60.2900
2014-09-09,60.6000
2014-09-10,60.9500
2014-09-11,60.9300
2014-09-12,60.9500
2014-09-15,61.0300
2014-09-16,61.0600
2014-09-17,60.9000
2014-09-18,60.7800
2014-09-19,60.8000
2014-09-22,60.9300
2014-09-23,61.0400
2014-09-24,60.9300
2014-09-25,61.3300
2014-09-26,61.1400
2014-09-29,61.5300
2014-09-30,61.9200
2014-10-01,61.7100
2014-10-02,61.6100
2014-10-03,61.8100
2014-10-06,61.6800
2014-10-07,61.2800
2014-10-08,61.3800
2014-10-09,60.9200
2014-10-10,61.2700
2014-10-13,
2014-10-14,61.3800
2014-10-15,61.4200
2014-10-16,61.8000
2014-10-17,61.4600
2014-10-20,61.2000
2014-10-21,61.1400
2014-10-22,61.1800
2014-10-23,61.1600
2014-10-24,61.1600
2014-10-27,61.2800
2014-10-28,61.1700
2014-10-29,61.2000
2014-10-30,61.4200
2014-10-31,61.4400
2014-11-03,61.3800
2014-11-04,61.3800
2014-11-05,61.4900
2014-11-06,61.4500
2014-11-07,61.5000
2014-11-10,61.5200
2014-11-11,
2014-11-12,61.4000
2014-11-13,61.5500
2014-11-14,61.7000
2014-11-17,61.8200
2014-11-18,61.7200
2014-11-19,61.9800
2014-11-20,61.9200
2014-11-21,61.7600
2014-11-24,61.8500
2014-11-25,61.8900
2014-11-26,61.7800
2014-11-27,
2014-11-28,62.2000
2014-12-01,61.9400
2014-12-02,61.8000
2014-12-03,61.8500
2014-12-04,61.7800
2014-12-05,61.9000
2014-12-08,61.8200
2014-12-09,61.8700
2014-12-10,62.1000
2014-12-11,62.4600
2014-12-12,62.5200
2014-12-15,63.1600
2014-12-16,63.6500
2014-12-17,63.5200
2014-12-18,62.9800
2014-12-19,63.2400
2014-12-22,63.2200
2014-12-23,63.4000
2014-12-24,63.5500
2014-12-25,
2014-12-26,
2014-12-29,63.6700
2014-12-30,63.3800
2014-12-31,63.0400
2015-01-01,
2015-01-02,63.2700
2015-01-05,63.3400
2015-01-06,63.5700
2015-01-07,63.2700
2015-01-08,62.6700
2015-01-09,62.3400
2015-01-12,62.0900
2015-01-13,61.9700
2015-01-14,62.0900
2015-01-15,62.0600
2015-01-16,61.8700
2015-01-19,
2015-01-20,61.6400
2015-01-21,61.5500
2015-01-22,61.3200
2015-01-23,61.4600
2015-01-26,61.4600
2015-01-27,61.3400
2015-01-28,61.3400
2015-01-29,61.9400
2015-01-30,62.0100
2015-02-02,61.6800
2015-02-03,61.6700
2015-02-04,61.7300
2015-02-05,61.7300
2015-02-06,61.7000
2015-02-09,62.1000
2015-02-10,62.3300
2015-02-11,62.4100
2015-02-12,62.3000
2015-02-13,62.0400
2015-02-16,
2015-02-17,62.1400
2015-02-18,62.2500
2015-02-19,62.0800
2015-02-20,62.1900
2015-02-23,62.1500
2015-02-24,62.0700
2015-02-25,61.8400
2015-02-26,61.7400
2015-02-27,61.6700
2015-03-02,61.8700
2015-03-03,61.7600
2015-03-04,62.3000
2015-03-05,62.2600
2015-03-06,62.4500
2015-03-09,62.6700
2015-03-10,62.7100
2015-03-11,62.7600
2015-03-12,62.4400
2015-03-13,63.0600
2015-03-16,62.8000
2015-03-17,62.6400
2015-03-18,62.6900
2015-03-19,62.5600
2015-03-20,62.4700
2015-03-23,62.2200
2015-03-24,62.4000
2015-03-25,62.3500
2015-03-26,62.8300
2015-03-27,62.5000
2015-03-30,62.5200
2015-03-31,62.3100
2015-04-01,62.1400
2015-04-02,62.1300
2015-04-03,61.9900
2015-04-06,62.1600
2015-04-07,62.2300
2015-04-08,62.2200
2015-04-09,62.1800
2015-04-10,62.2100
2015-04-13,62.3800
2015-04-14,62.2500
2015-04-15,62.3400
2015-04-16,62.2800
2015-04-17,62.4800
2015-04-20,63.0700
2015-04-21,62.9200
2015-04-22,62.9600
2015-04-23,63.2700
2015-04-24,63.5500
2015-04-27,63.3400
2015-04-28,63.0500
2015-04-29,63.3800
2015-04-30,63.5800
2015-05-01,63.6300
2015-05-04,63.6400
2015-05-05,63.3100
2015-05-06,63.5700
2015-05-07,64.0800
2015-05-08,63.7300
2015-05-11,63.9600
2015-05-12,64.1900
2015-05-13,63.8800
2015-05-14,63.4700
2015-05-15,63.3600
2015-05-18,63.6600
2015-05-19,63.8000
2015-05-20,63.7500
2015-05-21,63.5100
2015-05-22,63.4300
2015-05-25,
2015-05-26,63.8700
2015-05-27,63.9200
2015-05-28,63.8300
2015-05-29,63.7100
2015-06-01,63.5900
2015-06-02,63.7200
2015-06-03,63.9900
2015-06-04,63.9600
2015-06-05,63.7600
2015-06-08,64.0300
2015-06-09,63.9600
2015-06-10,63.8100
2015-06-11,63.9300
2015-06-12,64.0200
2015-06-15,64.0300
2015-06-16,64.2100
2015-06-17,64.1400
2015-06-18,63.6200
2015-06-19,63.4300
2015-06-22,63.5100
2015-06-23,63.5700
2015-06-24,63.5400
2015-06-25,63.5000
2015-06-26,63.5400
2015-06-29,63.7300
2015-06-30,63.5900
2015-07-01,63.5500
2015-07-02,63.3600
2015-07-03,
2015-07-06,63.2400
2015-07-07,63.5100
2015-07-08,63.4700
2015-07-09,63.3100
2015-07-10,63.3300
2015-07-13,63.4300
2015-07-14,63.2700
2015-07-15,63.4800
2015-07-16,63.4300
2015-07-17,63.4500
2015-07-20,63.6100
2015-07-21,63.5700
2015-07-22,63.6000
2015-07-23,63.8600
2015-07-24,64.0400
2015-07-27,64.2400
2015-07-28,63.7600
2015-07-29,63.8300
2015-07-30,64.0900
2015-07-31,63.8700
2015-08-03,63.9900
2015-08-04,63.7100
2015-08-05,63.7300
2015-08-06,63.6700
2015-08-07,63.7400
2015-08-10,63.7700
2015-08-11,64.3300
2015-08-12,64.8000
2015-08-13,65.2700
2015-08-14,65.0200
2015-08-17,65.3900
2015-08-18,65.4400
2015-08-19,65.1700
2015-08-20,65.4900
2015-08-21,66.0200
2015-08-24,66.8000
2015-08-25,66.0700
2015-08-26,66.1100
2015-08-27,65.9900
2015-08-28,66.1400
2015-08-31,66.3900
2015-09-01,66.3400
2015-09-02,66.1600
2015-09-03,66.0700
2015-09-04,66.7000
2015-09-07,
2015-09-08,66.3600
2015-09-09,66.4700
2015-09-10,66.4600
2015-09-11,66.3900
2015-09-14,66.3200
2015-09-15,66.3600
2015-09-16,66.4500
2015-09-17,66.1200
2015-09-18,65.7000
2015-09-21,65.6600
2015-09-22,65.8500
2015-09-23,66.0500
2015-09-24,66.3200
2015-09-25,66.1200
2015-09-28,66.2000
2015-09-29,65.9000
2015-09-30,65.5000
2015-10-01,65.5700
2015-10-02,65.3500
2015-10-05,65.1200
2015-10-06,65.1800
2015-10-07,64.8600
2015-10-08,64.9700
2015-10-09,64.7600
2015-10-12,
2015-10-13,65.0600
2015-10-14,64.8700
2015-10-15,64.7700
2015-10-16,64.7000
2015-10-19,64.9000
2015-10-20,64.9700
2015-10-21,65.1900
2015-10-22,64.9100
2015-10-23,64.8700
2015-10-26,64.8300
2015-10-27,65.0300
2015-10-28,64.8900
2015-10-29,65.3500
2015-10-30,65.4000
2015-11-02,65.5800
2015-11-03,65.5700
2015-11-04,65.4600
2015-11-05,65.8500
2015-11-06,66.1300
2015-11-09,66.3800
2015-11-10,66.1900
2015-11-11,
2015-11-12,66.0400
2015-11-13,66.1200
2015-11-16,66.0100
2015-11-17,65.9600
2015-11-18,66.1600
2015-11-19,66.0500
2015-11-20,66.0600
2015-11-23,66.3700
2015-11-24,66.3200
2015-11-25,66.3600
2015-11-26,
2015-11-27,66.8600
2015-11-30,66.4300
2015-12-01,66.4600
2015-12-02,66.5300
2015-12-03,66.8200
2015-12-04,66.6500
2015-12-07,66.7400
2015-12-08,66.7700
2015-12-09,66.8300
2015-12-10,66.7000
2015-12-11,67.1000
2015-12-14,67.0900
2015-12-15,66.7900
2015-12-16,66.6000
2015-12-17,66.3200
2015-12-18,66.2300
2015-12-21,66.1900
2015-12-22,66.1900
2015-12-23,66.0400
2015-12-24,66.0000
2015-12-25,
2015-12-28,66.0900
2015-12-29,66.2800
2015-12-30,66.4400
2015-12-31,66.1900
2016-01-01,
2016-01-04,66.5600
2016-01-05,66.4900
2016-01-06,66.7100
2016-01-07,66.7300
2016-01-08,66.8200
2016-01-11,66.7800
2016-01-12,66.8500
2016-01-13,66.7400
2016-01-14,67.3700
2016-01-15,67.7400
2016-01-18,
2016-01-19,67.6800
2016-01-20,68.0500
2016-01-21,67.8700
2016-01-22,67.5500
2016-01-25,67.7100
2016-01-26,67.7500
2016-01-27,67.9800
2016-01-28,68.0800
2016-01-29,67.8700
2016-02-01,67.9200
2016-02-02,67.9200
2016-02-03,67.9200
2016-02-04,67.5700
2016-02-05,67.7800
2016-02-08,67.9800
2016-02-09,67.9200
2016-02-10,67.8500
2016-02-11,68.4400
2016-02-12,68.1200
2016-02-15,
2016-02-16,68.4800
2016-02-17,68.3300
2016-02-18,68.5400
2016-02-19,68.5400
2016-02-22,68.5300
2016-02-23,68.5500
2016-02-24,68.5300
2016-02-25,68.8400
2016-02-26,68.8200
2016-02-29,68.2100
2016-03-01,67.7500
2016-03-02,67.4000
2016-03-03,67.1500
2016-03-04,66.9000
2016-03-07,66.9700
2016-03-08,67.3000
2016-03-09,67.0700
2016-03-10,67.2000
2016-03-11,66.9300
2016-03-14,67.1500
2016-03-15,67.3300
2016-03-16,67.2400
2016-03-17,66.6100
2016-03-18,66.3400
2016-03-21,66.4500
2016-03-22,66.5800
2016-03-23,66.8200
2016-03-24,66.8200
2016-03-25,66.8200
2016-03-28,66.5800
2016-03-29,66.4600
2016-03-30,66.3700
2016-03-31,66.2500
2016-04-01,66.3400
2016-04-04,66.0500
2016-04-05,66.4000
2016-04-06,66.4900
2016-04-07,66.7000
2016-04-08,66.4900
2016-04-11,66.3300
2016-04-12,66.3500
2016-04-13,66.6200
2016-04-14,66.5600
2016-04-15,66.4900
2016-04-18,66.4200
2016-04-19,66.1200
2016-04-20,66.1200
2016-04-21,66.4300
2016-04-22,66.6000
2016-04-25,66.6500
2016-04-26,66.4000
2016-04-27,66.5200
2016-04-28,66.3900
2016-04-29,66.3900
2016-05-02,66.3600
2016-05-03,66.5100
2016-05-04,66.6300
2016-05-05,66.5300
2016-05-06,66.5200
2016-05-09,66.7000
2016-05-10,66.5800
2016-05-11,66.5300
2016-05-12,66.7000
2016-05-13,66.8400
2016-05-16,66.7800
2016-05-17,66.7400
2016-05-18,66.9500
2016-05-19,67.5700
2016-05-20,67.4200
2016-05-23,67.4700
2016-05-24,67.5900
2016-05-25,67.2800
2016-05-26,66.9000
2016-05-27,66.9600
2016-05-30,
2016-05-31,67.1200
2016-06-01,67.4400
2016-06-02,67.2200
2016-06-03,66.9900
2016-06-06,66.8100
2016-06-07,66.6400
2016-06-08,66.5100
2016-06-09,66.6800
2016-06-10,66.8400
2016-06-13,67.1700
2016-06-14,67.3400
2016-06-15,67.0800
2016-06-16,67.4300
2016-06-17,67.1100
2016-06-20,67.5400
2016-06-21,67.7300
2016-06-22,67.4900
2016-06-23,67.2900
2016-06-24,67.8200
2016-06-27,67.9200
2016-06-28,67.8600
2016-06-29,67.4200
2016-06-30,67.5100
2016-07-01,67.2400
2016-07-04,
2016-07-05,67.4000
2016-07-06,67.4500
2016-07-07,67.4900
2016-07-08,67.1300
2016-07-11,67.1100
2016-07-12,67.0500
2016-07-13,66.9900
2016-07-14,66.8100
2016-07-15,67.0700
2016-07-18,67.1400
2016-07-19,67.1400
2016-07-20,67.1800
2016-07-21,67.1500
2016-07-22,67.1900
2016-07-25,67.4100
2016-07-26,67.3400
2016-07-27,67.1400
2016-07-28,66.9600
2016-07-29,66.7700
2016-08-01,66.6300
2016-08-02,66.6500
2016-08-03,66.8000
2016-08-04,66.7600
2016-08-05,66.8400
2016-08-08,66.8200
2016-08-09,66.7600
2016-08-10,66.7200
2016-08-11,66.7500
2016-08-12,66.8200
2016-08-15,66.8500
2016-08-16,66.8300
2016-08-17,66.9600
2016-08-18,66.8300
2016-08-19,67.1300
2016-08-22,67.1800
2016-08-23,67.0900
2016-08-24,67.1400
2016-08-25,67.0100
2016-08-26,66.9800
2016-08-29,67.1500
2016-08-30,67.1400
2016-08-31,66.9400
2016-09-01,66.8500
2016-09-02,66.6000
2016-09-05,
2016-09-06,66.2800
2016-09-07,66.4200
2016-09-08,66.5200
2016-09-09,66.7600
2016-09-12,66.7900
2016-09-13,67.0300
2016-09-14,66.7800
2016-09-15,66.8400
2016-09-16,67.1000
2016-09-19,66.9400
2016-09-20,66.9700
2016-09-21,66.9900
2016-09-22,66.6000
2016-09-23,66.6600
2016-09-26,66.5600
2016-09-27,66.5000
2016-09-28,66.5000
2016-09-29,66.7200
2016-09-30,66.5800
2016-10-03,66.5200
2016-10-04,66.4900
2016-10-05,66.5300
2016-10-06,66.7000
2016-10-07,66.6100
2016-10-10,
2016-10-11,66.8100
2016-10-12,66.8500
2016-10-13,66.8400
2016-10-14,66.6900
2016-10-17,66.8000
2016-10-18,66.7100
2016-10-19,66.6400
2016-10-20,66.8300
2016-10-21,66.9400
2016-10-24,66.8900
2016-10-25,66.8000
2016-10-26,66.8300
2016-10-27,66.8500
2016-10-28,66.7800
2016-10-31,66.7200
2016-11-01,66.7000
2016-11-02,66.6600
2016-11-03,66.6800
2016-11-04,66.7500
2016-11-07,66.7300
2016-11-08,66.3900
2016-11-09,66.4800
2016-11-10,66.8600
2016-11-11,
2016-11-14,67.7800
2016-11-15,67.8000
2016-11-16,68.0700
2016-11-17,67.9300
2016-11-18,68.1200
2016-11-21,68.2300
2016-11-22,68.4000
2016-11-23,68.8600
2016-11-24,
2016-11-25,68.5900
2016-11-28,68.5600
2016-11-29,68.6400
2016-11-30,68.5600
2016-12-01,68.2900
2016-12-02,68.0400
2016-12-05,68.0600
2016-12-06,67.7200
2016-12-07,67.5000
2016-12-08,67.4200
2016-12-09,67.5100
2016-12-12,67.3800
2016-12-13,67.4700
2016-12-14,67.4300
2016-12-15,67.9100
2016-12-16,67.8200
2016-12-19,67.8300
2016-12-20,67.9700
2016-12-21,67.8200
2016-12-22,67.8600
2016-12-23,67.8400
2016-12-26,
2016-12-27,68.0100
2016-12-28,68.2000
2016-12-29,67.9100
2016-12-30,67.9200
2017-01-02,
2017-01-03,68.3700
2017-01-04,67.9000
2017-01-05,67.7400
2017-01-06,68.1200
2017-01-09,68.0800
2017-01-10,68.2500
2017-01-11,68.3900
2017-01-12,67.9900
2017-01-13,68.1600
2017-01-16,
2017-01-17,67.9000
2017-01-18,68.1200
2017-01-19,68.1000
2017-01-20,
2017-01-23,68.1100
2017-01-24,68.1200
2017-01-25,68.0400
2017-01-26,68.1700
2017-01-27,68.0600
2017-01-30,67.8000
2017-01-31,67.4800
2017-02-01,67.4000
2017-02-02,67.2000
2017-02-03,67.1800
2017-02-06,67.2000
2017-02-07,67.3500
2017-02-08,67.0400
2017-02-09,66.7100
2017-02-10,66.8000
2017-02-13,66.9900
2017-02-14,66.8800
2017-02-15,66.8500
2017-02-16,67.1200
2017-02-17,67.0900
2017-02-20,
2017-02-21,67.0000
2017-02-22,66.9500
2017-02-23,66.6800
2017-02-24,66.6800
2017-02-27,66.6900
2017-02-28,66.6700
2017-03-01,66.8300
2017-03-02,66.7500
2017-03-03,66.7600
2017-03-06,66.6400
2017-03-07,66.6200
2017-03-08,66.7600
2017-03-09,66.6400
2017-03-10,66.6000
2017-03-13,66.1500
2017-03-14,65.7600
2017-03-15,65.6200
2017-03-16,65.4000
2017-03-17,65.3800
2017-03-20,65.3000
2017-03-21,65.3100
2017-03-22,65.4500
2017-03-23,65.4100
2017-03-24,65.4000
2017-03-27,65.0500
2017-03-28,65.0200
2017-03-29,64.8700
2017-03-30,64.8500
2017-03-31,64.8500
2017-04-03,65.0300
2017-04-04,65.1000
2017-04-05,64.8700
2017-04-06,64.5800
2017-04-07,64.2600
2017-04-10,64.5500
2017-04-11,64.5500
2017-04-12,64.6800
2017-04-13,64.4200
2017-04-14,64.4200
2017-04-17,64.5300
2017-04-18,64.5600
2017-04-19,64.6200
2017-04-20,64.6100
2017-04-21,64.6500
2017-04-24,64.4800
2017-04-25,64.3200
2017-04-26,64.0800
2017-04-27,64.1400
2017-04-28,64.2700
2017-05-01,64.2500
2017-05-02,64.1600
2017-05-03,64.1700
2017-05-04,64.2200
2017-05-05,64.3100
2017-05-08,64.3200
2017-05-09,64.6600
2017-05-10,64.5300
2017-05-11,64.4300
2017-05-12,64.2400
2017-05-15,64.0400
2017-05-16,64.0300
2017-05-17,64.1100
2017-05-18,64.8700
2017-05-19,64.5600
2017-05-22,64.5300
2017-05-23,64.8500
2017-05-24,64.7400
2017-05-25,64.5500
2017-05-26,64.5000
2017-05-29,
2017-05-30,64.6600
2017-05-31,64.5000
2017-06-01,64.3900
2017-06-02,64.4100
2017-06-05,64.3400
2017-06-06,64.4200
2017-06-07,64.3900
2017-06-08,64.2400
2017-06-09,64.2400
2017-06-12,64.4800
2017-06-13,64.3300
2017-06-14,64.2300
2017-06-15,64.5800
2017-06-16,64.5000
2017-06-19,64.4500
2017-06-20,64.5400
2017-06-21,64.5200
2017-06-22,64.6000
2017-06-23,64.4700
2017-06-26,64.4300
2017-06-27,64.4700
2017-06-28,64.5500
2017-06-29,64.6600
2017-06-30,64.6200
2017-07-03,64.8400
2017-07-04,
2017-07-05,64.8000
2017-07-06,64.7200
2017-07-07,64.6200
2017-07-10,64.4500
2017-07-11,64.5400
2017-07-12,64.5300
2017-07-13,64.4600
2017-07-14,64.3800
2017-07-17,64.3400
2017-07-18,64.3200
2017-07-19,64.2400
2017-07-20,64.3700
2017-07-21,64.3800
2017-07-24,64.3900
2017-07-25,64.3800
2017-07-26,64.3200
2017-07-27,64.1100
2017-07-28,64.1100
2017-07-31,64.1800
2017-08-01,64.0600
2017-08-02,63.6400
2017-08-03,63.6700
2017-08-04,63.6400
2017-08-07,63.8300
2017-08-08,63.6900
2017-08-09,63.8600
2017-08-10,64.0500
2017-08-11,64.1400
2017-08-14,64.0800
2017-08-15,64.1200
2017-08-16,64.1600
2017-08-17,64.1500
2017-08-18,64.1000
2017-08-21,64.1000
2017-08-22,64.0700
2017-08-23,64.0400
2017-08-24,64.0400
2017-08-25,64.0000
2017-08-28,63.9000
2017-08-29,64.0200
2017-08-30,63.9800
2017-08-31,63.9300
2017-09-01,64.0200
2017-09-04,
2017-09-05,64.1200
2017-09-06,64.0600
2017-09-07,64.0100
2017-09-08,63.7800
2017-09-11,63.9300
2017-09-12,64.0300
2017-09-13,64.0000
2017-09-14,64.1200
2017-09-15,64.1000
2017-09-18,64.1500
2017-09-19,64.3000
2017-09-20,64.2900
2017-09-21,64.8000
2017-09-22,64.7900
2017-09-25,65.1200
2017-09-26,65.4600
2017-09-27,65.7100
2017-09-28,65.4600
2017-09-29,65.3000
2017-10-02,65.2800
2017-10-03,65.4800
2017-10-04,65.0200
2017-10-05,65.1400
2017-10-06,65.3900
2017-10-09,
2017-10-10,65.2400
2017-10-11,65.1500
2017-10-12,65.0500
2017-10-13,64.7000
2017-10-16,64.7000
2017-10-17,65.0200
2017-10-18,65.0600
2017-10-19,64.9900
2017-10-20,65.0300
2017-10-23,65.0200
2017-10-24,65.1000
2017-10-25,64.9200
2017-10-26,64.8400
2017-10-27,65.0400
2017-10-30,64.8300
2017-10-31,64.7500
2017-11-01,64.5600
2017-11-02,64.5700
2017-11-03,64.5600
2017-11-06,64.6200
2017-11-07,65.0300
2017-11-08,64.9400
2017-11-09,64.9600
2017-11-10,
2017-11-13,65.4600
2017-11-14,65.4100
2017-11-15,65.2600
2017-11-16,65.3200
2017-11-17,65.0100
2017-11-20,65.1000
2017-11-21,64.9100
2017-11-22,64.8700
2017-11-23,
2017-11-24,64.6700
2017-11-27,64.4700
2017-11-28,64.4000
2017-11-29,64.2900
2017-11-30,64.4600
2017-12-01,64.5000
2017-12-04,64.3600
2017-12-05,64.3800
2017-12-06,64.5300
2017-12-07,64.5700
2017-12-08,64.4300
2017-12-11,64.3500
2017-12-12,64.3900
2017-12-13,64.4500
2017-12-14,64.3600
2017-12-15,64.0400
2017-12-18,64.2300
2017-12-19,64.0200
2017-12-20,64.1100
2017-12-21,64.0200
2017-12-22,64.0200
2017-12-25,
2017-12-26,64.0800
2017-12-27,64.1500
2017-12-28,64.0700
2017-12-29,63.8300
2018-01-01,
2018-01-02,63.4600
2018-01-03,63.5000
2018-01-04,63.4000
2018-01-05,63.3800
2018-01-08,63.4800
2018-01-09,63.6600
2018-01-10,63.5800
2018-01-11,63.6500
2018-01-12,63.6100
2018-01-15,
2018-01-16,64.0100
2018-01-17,63.8800
2018-01-18,63.8700
2018-01-19,63.8400
2018-01-22,63.8800
2018-01-23,63.7600
2018-01-24,63.6900
2018-01-25,63.5200
2018-01-26,63.5800
2018-01-29,63.5700
2018-01-30,63.6500
2018-01-31,63.5800
2018-02-01,63.9700
2018-02-02,64.1100
2018-02-05,64.0600
2018-02-06,64.2300
2018-02-07,64.2300
2018-02-08,64.2700
2018-02-09,64.3700
2018-02-12,64.2900
2018-02-13,64.2700
2018-02-14,64.1000
2018-02-15,63.9300
2018-02-16,64.2100
2018-02-19,
2018-02-20,64.8300
2018-02-21,64.7600
2018-02-22,65.0100
2018-02-23,64.7100
2018-02-26,64.7800
2018-02-27,64.8400
2018-02-28,65.2000
2018-03-01,65.2000
2018-03-02,65.2400
2018-03-05,65.0600
2018-03-06,64.9000
2018-03-07,64.8600
2018-03-08,65.1500
2018-03-09,65.1200
2018-03-12,65.0000
2018-03-13,64.8500
2018-03-14,64.8400
2018-03-15,64.9400
2018-03-16,64.9700
2018-03-19,65.2100
2018-03-20,65.1900
2018-03-21,65.2000
2018-03-22,65.1000
2018-03-23,64.9800
2018-03-26,64.8300
2018-03-27,64.9800
2018-03-28,65.1500
2018-03-29,65.1200
2018-03-30,65.1100
2018-04-02,65.1100
2018-04-03,65.0000
2018-04-04,65.0800
2018-04-05,64.9200
2018-04-06,64.9500
2018-04-09,64.9500
2018-04-10,64.9500
2018-04-11,65.2600
2018-04-12,65.2800
2018-04-13,65.2700
2018-04-16,65.4600
2018-04-17,65.6600
2018-04-18,65.6200
2018-04-19,65.7900
2018-04-20,66.1500
2018-04-23,66.4200
2018-04-24,66.3600
2018-04-25,66.9200
2018-04-26,66.8000
2018-04-27,66.6800
2018-04-30,66.5000
2018-05-01,66.5200
2018-05-02,66.7100
2018-05-03,66.6800
2018-05-04,66.8300
2018-05-07,67.1300
2018-05-08,67.1200
2018-05-09,67.2500
2018-05-10,67.2400
2018-05-11,67.2800
2018-05-14,67.5500
2018-05-15,68.0700
2018-05-16,67.7700
2018-05-17,67.7600
2018-05-18,68.0400
2018-05-21,68.1100
2018-05-22,68.0400
2018-05-23,68.3800
2018-05-24,68.3200
2018-05-25,67.7800
2018-05-28,
2018-05-29,67.7800
2018-05-30,67.4600
2018-05-31,67.4000
2018-06-01,66.9900
2018-06-04,67.0500
2018-06-05,67.1200
2018-06-06,66.8700
2018-06-07,67.2000
2018-06-08,67.5600
2018-06-11,67.4600
2018-06-12,67.4800
2018-06-13,67.6000
2018-06-14,67.6200
2018-06-15,68.0600
2018-06-18,68.1000
2018-06-19,68.3000
2018-06-20,68.0600
2018-06-21,67.9400
2018-06-22,67.8800
2018-06-25,68.0900
2018-06-26,68.3100
2018-06-27,68.6300
2018-06-28,68.8100
2018-06-29,68.4600
2018-07-02,68.7800
2018-07-03,68.5800
2018-07-04,
2018-07-05,68.8900
2018-07-06,68.8000
2018-07-09,68.6600
2018-07-10,68.7600
2018-07-11,68.7000
2018-07-12,68.5200
2018-07-13,68.4400
2018-07-16,68.6000
2018-07-17,68.4200
2018-07-18,68.6200
2018-07-19,69.0100
2018-07-20,68.7400
2018-07-23,68.8400
2018-07-24,68.9400
2018-07-25,68.7200
2018-07-26,68.6600
2018-07-27,68.6000
2018-07-30,68.6000
2018-07-31,68.5400
2018-08-01,68.3700
2018-08-02,68.6300
2018-08-03,68.5400
2018-08-06,68.8200
2018-08-07,68.6200
2018-08-08,68.6500
2018-08-09,68.7400
2018-08-10,68.8800
2018-08-13,70.0200
2018-08-14,69.9500
2018-08-15,69.9200
2018-08-16,70.1900
2018-08-17,70.0900
2018-08-20,69.8400
2018-08-21,69.8500
2018-08-22,69.8500
2018-08-23,70.0900
2018-08-24,69.9600
2018-08-27,70.1600
2018-08-28,70.0900
2018-08-29,70.5300
2018-08-30,70.7400
2018-08-31,71.0000
2018-09-03,
2018-09-04,71.5800
2018-09-05,71.7500
2018-09-06,71.9400
2018-09-07,71.7800
2018-09-10,72.4500
2018-09-11,72.6900
2018-09-12,72.1500
2018-09-13,72.0200
2018-09-14,71.8700
2018-09-17,72.5100
2018-09-18,72.9800
2018-09-19,72.3500
2018-09-20,72.0100
2018-09-21,72.1800
2018-09-24,72.6600
2018-09-25,72.6800
2018-09-26,72.5900
2018-09-27,72.5500
2018-09-28,72.5400
2018-10-01,72.9200
2018-10-02,72.9100
2018-10-03,73.3400
2018-10-04,73.6200
2018-10-05,73.7600
2018-10-08,
2018-10-09,74.3300
2018-10-10,74.2500
2018-10-11,74.0400
2018-10-12,73.6000
2018-10-15,73.7600
2018-10-16,73.4600
2018-10-17,73.5200
2018-10-18,73.5200
2018-10-19,73.3700
2018-10-22,73.5600
2018-10-23,73.5400
2018-10-24,73.1800
2018-10-25,73.2100
2018-10-26,73.4600
2018-10-29,73.4200
2018-10-30,73.6200
2018-10-31,73.9500
2018-11-01,73.4500
2018-11-02,72.4400
2018-11-05,73.0800
2018-11-06,72.9500
2018-11-07,72.4400
2018-11-08,72.3700
2018-11-09,72.4800
2018-11-12,
2018-11-13,72.6100
2018-11-14,72.3000
2018-11-15,71.9700
2018-11-16,71.9800
2018-11-19,71.6000
2018-11-20,71.4900
2018-11-21,71.3000
2018-11-22,
2018-11-23,70.6500
2018-11-26,70.8100
2018-11-27,70.8000
2018-11-28,70.6300
2018-11-29,69.7900
2018-11-30,69.6200
2018-12-03,70.4000
2018-12-04,70.5200
2018-12-05,
2018-12-06,70.8400
2018-12-07,70.8500
2018-12-10,72.4360
2018-12-11,72.2700
2018-12-12,71.7900
2018-12-13,71.5200
2018-12-14,71.9400
2018-12-17,71.6000
2018-12-18,70.6100
2018-12-19,70.2600
2018-12-20,69.9600
2018-12-21,70.0900
2018-12-24,
2018-12-25,
2018-12-26,70.0700
2018-12-27,70.3400
2018-12-28,69.9200
2018-12-31,69.5800
2019-01-01,
2019-01-02,70.0200
2019-01-03,70.1200
2019-01-04,69.6300
2019-01-07,69.7800
2019-01-08,70.1100
2019-01-09,70.4200
2019-01-10,70.4300
2019-01-11,70.3800
2019-01-14,
2019-01-15,71.0000
2019-01-16,70.9700
2019-01-17,71.0900
2019-01-18,71.2100
2019-01-21,
2019-01-22,71.2300
2019-01-23,71.2100
2019-01-24,71.0200
2019-01-25,70.9400
2019-01-28,71.0600
2019-01-29,71.4000
2019-01-30,71.2400
2019-01-31,70.9400
2019-02-01,71.4100
2019-02-04,71.6600
2019-02-05,71.5200
2019-02-06,71.5500
2019-02-07,71.3000
2019-02-08,71.2300
2019-02-11,71.1500
2019-02-12,70.5600
2019-02-13,70.8600
2019-02-14,71.1800
2019-02-15,71.3600
2019-02-18,
2019-02-19,71.3100
2019-02-20,
2019-02-21,71.1500
2019-02-22,71.0700
2019-02-25,70.8200
2019-02-26,71.0200
2019-02-27,71.1500
2019-02-28,70.8300
2019-03-01,70.9000
2019-03-04,70.9100
2019-03-05,70.5500
2019-03-06,70.0200
2019-03-07,70.0900
2019-03-08,70.0000
2019-03-11,69.8200
2019-03-12,69.6200
2019-03-13,69.5200
2019-03-14,69.3300
2019-03-15,68.9400
2019-03-18,68.6000
2019-03-19,69.0200
2019-03-20,68.8500
2019-03-21,68.7200
2019-03-22,69.0100
2019-03-25,68.8800
2019-03-26,68.9800
2019-03-27,69.1300
2019-03-28,69.2300
2019-03-29,69.1600
2019-04-01,69.1800
2019-04-02,68.9100
2019-04-03,68.5800
2019-04-04,69.0300
2019-04-05,69.1100
2019-04-08,69.5600
2019-04-09,69.2800
2019-04-10,69.1200
2019-04-11,68.9700
2019-04-12,69.2100
2019-04-15,69.3800
2019-04-16,69.5100
2019-04-17,69.4300
2019-04-18,69.4200
2019-04-19,69.3700
2019-04-22,69.6400
2019-04-23,69.7800
2019-04-24,69.9100
2019-04-25,70.1900
2019-04-26,69.9300
2019-04-29,69.8000
2019-04-30,69.6400
2019-05-01,69.5200
2019-05-02,69.4000
2019-05-03,69.0800
2019-05-06,69.4000
2019-05-07,69.6200
2019-05-08,69.7300
2019-05-09,70.2100
2019-05-10,70.0200
2019-05-13,70.6200
2019-05-14,70.3000
2019-05-15,70.2200
2019-05-16,70.0800
2019-05-17,70.2800
2019-05-20,69.5900
2019-05-21,69.6100
2019-05-22,69.7100
2019-05-23,69.6600
2019-05-24,69.3700
2019-05-27,
2019-05-28,69.5600
2019-05-29,69.8000
2019-05-30,69.8100
2019-05-31,69.6300
2019-06-03,69.1500
2019-06-04,69.2800
2019-06-05,69.4100
2019-06-06,69.2100
2019-06-07,69.3200
2019-06-10,69.4900
2019-06-11,69.4200
2019-06-12,69.3500
2019-06-13,69.5300
2019-06-14,69.8100
2019-06-17,69.8300
2019-06-18,69.6000
2019-06-19,69.6400
2019-06-20,69.4400
2019-06-21,69.5900
2019-06-24,69.3200
2019-06-25,69.2600
2019-06-26,69.1800
2019-06-27,69.0100
2019-06-28,68.9200
2019-07-01,68.8700
2019-07-02,68.8700
2019-07-03,68.7900
2019-07-04,
2019-07-05,68.4800
2019-07-08,68.5500
2019-07-09,68.5400
2019-07-10,68.4000
2019-07-11,68.4000
2019-07-12,68.5700
2019-07-15,68.5200
2019-07-16,68.6600
2019-07-17,68.8400
2019-07-18,68.8500
2019-07-19,68.8200
2019-07-22,68.8900
2019-07-23,68.9900
2019-07-24,68.9400
2019-07-25,69.0300
2019-07-26,68.8900
2019-07-29,68.7300
2019-07-30,68.8200
2019-07-31,68.8100
2019-08-01,69.0000
2019-08-02,69.6500
2019-08-05,70.8000
2019-08-06,70.9000
2019-08-07,71.1800
2019-08-08,70.6200
2019-08-09,70.9100
2019-08-12,71.2700
2019-08-13,71.4100
2019-08-14,71.2700
2019-08-15,71.7900
2019-08-16,71.1500
2019-08-19,71.4400
2019-08-20,71.5400
2019-08-21,71.4300
2019-08-22,71.9000
2019-08-23,71.4900
2019-08-26,72.0200
2019-08-27,71.5200
2019-08-28,71.7500
2019-08-29,71.6700
2019-08-30,71.4500
2019-09-02,
2019-09-03,72.2000
2019-09-04,72.1100
2019-09-05,71.8400
2019-09-06,71.6800
2019-09-09,71.6600
2019-09-10,71.8900
2019-09-11,71.6200
2019-09-12,70.9100
2019-09-13,71.0000
2019-09-16,71.5300
2019-09-17,71.4700
2019-09-18,71.1600
2019-09-19,71.3100
2019-09-20,71.0500
2019-09-23,70.7900
2019-09-24,70.9400
2019-09-25,71.0000
2019-09-26,70.9300
2019-09-27,70.4900
2019-09-30,70.6400
2019-10-01,71.1100
2019-10-02,71.1700
2019-10-03,71.0300
2019-10-04,70.8600
2019-10-07,70.9700
2019-10-08,71.2100
2019-10-09,71.0900
2019-10-10,70.9800
2019-10-11,70.9100
2019-10-14,
2019-10-15,71.4800
2019-10-16,71.3700
2019-10-17,71.0900
2019-10-18,71.0700
2019-10-21,70.9000
2019-10-22,70.8100
2019-10-23,70.8100
2019-10-24,71.0100
2019-10-25,70.7800
2019-10-28,70.7100
2019-10-29,70.8600
2019-10-30,70.9600
2019-10-31,71.0100
2019-11-01,70.7600
2019-11-04,70.7900
2019-11-05,70.8100
2019-11-06,70.9600
2019-11-07,71.0400
2019-11-08,71.3500
2019-11-11,
2019-11-12,71.7500
2019-11-13,72.1200
2019-11-14,71.9900
2019-11-15,71.6000
2019-11-18,71.9000
2019-11-19,71.8600
2019-11-20,71.7400
2019-11-21,71.7500
2019-11-22,71.7600
2019-11-25,71.6900
2019-11-26,71.5100
2019-11-27,71.2600
2019-11-28,
2019-11-29,71.7500
2019-12-02,71.6500
2019-12-03,71.7000
2019-12-04,71.4700
2019-12-05,71.2600
2019-12-06,71.2600
2019-12-09,71.0200
2019-12-10,70.8400
2019-12-11,70.7300
2019-12-12,70.6200
2019-12-13,70.8000
2019-12-16,70.8900
2019-12-17,71.0400
2019-12-18,70.9700
2019-12-19,71.1100
2019-12-20,71.0700
2019-12-23,71.2400
2019-12-24,71.2300
2019-12-25,
2019-12-26,71.2800
2019-12-27,71.4500
2019-12-30,71.3000
2019-12-31,71.3600
2020-01-01,
2020-01-02,71.3400
2020-01-03,71.7600
2020-01-06,71.8600
2020-01-07,71.8400
2020-01-08,71.5100
2020-01-09,71.1600
2020-01-10,70.9400
2020-01-13,70.7400
2020-01-14,70.8500
2020-01-15,70.6900
2020-01-16,70.9500
2020-01-17,71.0800
2020-01-20,
2020-01-21,71.1700
2020-01-22,71.0700
2020-01-23,71.4500
2020-01-24,71.3100
2020-01-27,71.4500
2020-01-28,71.2400
2020-01-29,71.3500
2020-01-30,71.5700
2020-01-31,71.5300
