Month,Equity,Bonds,Gold
1973-02,-0.06348288,-0.03857733,0.10286017
1973-03,-0.03982909,-0.02622643,0.10478698
1973-04,-0.01637214,0.00841991,0.08329027
1973-05,-0.03260506,-0.01428295,0.11293247
1973-06,-0.04878023,-0.02737238,0.14180155
1973-07,0.02311155,0.00035950,0.01087749
1973-08,0.01218769,0.01584989,-0.08246032
1973-09,0.03825038,0.04642109,-0.02011428
1973-10,0.04602176,0.03092005,-0.02570924
1973-11,-0.05564226,0.02392124,-0.03685729
1973-12,-0.03521936,0.04029696,0.16599707
1974-01,0.05809829,0.02786629,0.25432234
1974-02,-0.04707119,-0.01514288,0.13615222
1974-03,0.02193791,-0.03419747,0.09450099
1974-04,-0.07075512,-0.03809160,-0.00048732
1974-05,-0.03695255,-0.00874632,-0.06196438
1974-06,0.01276580,0.01730549,-0.04750888
1974-07,-0.11510621,-0.01394098,-0.07314399
1974-08,-0.01927148,0.00991585,0.10461349
1974-09,-0.08470632,0.02396146,-0.00254013
1974-10,0.01488179,0.00738074,0.03697164
1974-11,0.03922563,0.02342581,0.14663045
1974-12,-0.05733169,0.02763575,0.01485024
1975-01,0.09099767,0.00566017,-0.03936632
1975-02,0.08649987,-0.00585451,0.00281365
1975-03,0.02054235,-0.04442876,-0.03861298
1975-04,0.03243083,-0.01017198,-0.02841827
1975-05,0.09228823,0.04232724,0.00551594
1975-06,0.04442506,0.03566475,-0.00319094
1975-07,0.04086902,0.02920973,0.04271129
1975-08,-0.03709707,0.01891653,0.02278822
1975-09,-0.00003282,0.01362044,-0.10899599
1975-10,0.05322949,0.02994149,-0.00361738
1975-11,0.02097915,0.01340994,-0.00644596
1975-12,-0.00254662,0.01954181,-0.01196433
1976-01,0.09111137,0.02037940,-0.06093075
1976-02,0.04082659,0.00212042,-0.00129768
1976-03,0.01094478,0.01352303,0.01820886
1976-04,0.01399927,0.02122183,-0.03469543
1976-05,0.00001154,-0.01298340,-0.00398358
1976-06,0.01844027,0.01874039,0.00140261
1976-07,0.00551403,-0.01217508,-0.08277544
1976-08,0.00021085,0.01653296,-0.06234336
1976-09,0.03418265,0.02861225,0.04628215
1976-10,-0.04876805,0.00021414,-0.00102962
1976-11,0.00415101,0.02250383,0.12948284
1976-12,0.02486541,0.02294642,0.01785846
1977-01,0.00043563,-0.01233668,-0.00917303
1977-02,-0.02835645,-0.01124122,0.02537435
1977-03,-0.00289875,-0.00104776,0.08566899
1977-04,-0.01180261,0.01260809,0.00689339
1977-05,-0.00038472,-0.00111631,-0.01443808
1977-06,0.01204736,0.02185424,-0.03791721
1977-07,0.00777198,-0.00241532,0.00912521
1977-08,-0.03133772,-0.00953837,0.00305981
1977-09,-0.01076751,0.01134946,0.03227010
1977-10,-0.03486204,-0.01939800,0.04932454
1977-11,0.01280041,0.00510236,0.02188373
1977-12,-0.01275871,-0.01317154,-0.02416484
1978-01,-0.07193815,-0.05077177,0.03868190
1978-02,-0.02078072,-0.00928155,0.01740955
1978-03,0.01482296,0.01822416,0.04625095
1978-04,0.08114951,0.03062986,-0.01910974
1978-05,0.06971286,0.00729551,0.01969805
1978-06,-0.01421391,-0.02112955,0.02369937
1978-07,-0.02887721,-0.03291546,-0.00186626
1978-08,0.05322599,0.00336040,0.06958023
1978-09,0.00682827,0.00918286,0.03202845
1978-10,-0.04291814,-0.02294063,0.05403354
1978-11,-0.03973376,0.01153496,-0.07845876
1978-12,0.04238247,0.01699746,0.03264667
1979-01,0.04097811,0.00086901,0.09042961
1979-02,-0.00563993,0.01260339,0.08909973
1979-03,0.02239440,0.00529578,-0.01723794
1979-04,0.01988458,-0.00058776,-0.01621001
1979-05,-0.00901936,0.01330345,0.08990149
1979-06,0.00315934,0.00865966,0.05920412
1979-07,-0.01231161,-0.02144347,0.02969957
1979-08,0.06403600,0.01554854,0.03383734
1979-09,0.03118445,0.00374773,0.19773055
1979-10,-0.02282193,-0.04111252,0.11645411
1979-11,-0.00725948,-0.01653319,-0.00404819
1979-12,0.03217558,0.01308930,0.14752403
1980-01,0.01892784,-0.02945047,0.46313061
1980-02,0.04309598,-0.08218219,-0.01562879
1980-03,-0.06831457,0.01265827,-0.14914216
1980-04,-0.02155049,0.07439287,-0.07616275
1980-05,0.02284634,0.06041400,-0.03184649
1980-06,0.06642394,0.03138559,0.16685034
1980-07,0.03952209,-0.03017754,0.05951538
1980-08,0.03717919,-0.03982830,-0.02287447
1980-09,0.02401071,-0.01879488,0.07041575
1980-10,0.03095440,-0.00646073,-0.02146452
1980-11,0.05140996,-0.03706098,-0.04970608
1980-12,0.00791017,0.02238330,-0.12145497
1981-01,0.00340353,0.02915605,0.03873597
1981-02,0.00139462,0.00905605,-0.07260952
1981-03,0.04423261,0.01754192,0.00068283
1981-04,0.01890999,-0.01319768,-0.00015170
1981-05,-0.00280077,0.00277251,-0.01910477
1981-06,0.02680453,0.06458021,-0.02222510
1981-07,0.01992925,0.00859342,-0.07649686
1981-08,0.02545516,-0.00477672,0.01977801
1981-09,-0.07749089,-0.00061867,0.08946467
1981-10,0.01945987,0.02354705,-0.01139232
1981-11,0.03045987,0.10773753,-0.05705698
1981-12,0.01129527,-0.00693211,-0.00775296
1982-01,-0.04574744,-0.03111154,-0.06115793
1982-02,-0.01250522,0.02736317,-0.01945461
1982-03,-0.01909663,0.05120917,-0.11007260
1982-04,0.06590567,0.02176797,0.07188146
1982-05,-0.00456147,0.01449014,-0.05544785
1982-06,-0.03535297,-0.00623822,-0.03960959
1982-07,0.01265684,0.04092225,0.08716064
1982-08,0.00907805,0.06153436,0.07495891
1982-09,0.12979180,0.05971497,0.21000427
1982-10,0.09456865,0.10143639,-0.02922111
1982-11,0.05537321,0.04113879,-0.00682503
1982-12,0.00277469,-0.00133825,0.06088415
1983-01,0.05010837,0.02423234,0.09218449
1983-02,0.03429347,0.00570793,0.03377685
1983-03,0.04355705,0.02649959,-0.14056666
1983-04,0.04377234,0.01721793,0.03273181
1983-05,0.04498284,0.01060541,0.01226681
1983-06,0.02360592,-0.01362573,-0.05145190
1983-07,0.01092963,-0.01825370,-0.02048436
1983-08,-0.01440690,-0.00778506,0.04248087
1983-09,0.03446686,0.02277070,-0.00834185
1983-10,0.00929135,0.01894611,-0.04101741
1983-11,0.00302459,0.01556344,-0.01629616
1983-12,0.00940993,0.01241616,0.02657987
1984-01,0.03761517,0.04104465,-0.02324042
1984-02,-0.04859799,0.00261536,0.04319858
1984-03,0.00169371,-0.01986026,0.01795119
1984-04,0.01496841,0.00278574,-0.02347334
1984-05,0.01561687,-0.01396934,0.00749890
1984-06,-0.01429568,0.00740409,0.00693005
1984-07,0.01846534,0.05053551,-0.05376924
1984-08,0.10980347,0.06363663,0.01624250
1984-09,0.04059708,0.04851265,0.00256947
1984-10,0.01001832,0.04549497,0.01718385
1984-11,0.01720461,0.04889320,0.00723555
1984-12,0.01052487,0.03168933,-0.04774189
1985-01,0.07417959,0.04302447,-0.02852204
1985-02,0.08385932,0.02652293,0.01103850
1985-03,-0.00942743,-0.01512285,0.04526655
1985-04,-0.02595601,-0.00208119,0.00408171
1985-05,0.03564114,0.05265433,-0.02584623
1985-06,0.02018934,0.04648991,-0.00165044
1985-07,-0.01115131,-0.03357464,-0.03288453
1985-08,-0.02936063,-0.00382582,0.02944115
1985-09,-0.00006430,0.02543103,-0.00247170
1985-10,0.00722974,0.00888265,0.00160517
1985-11,0.07021017,0.04317435,-0.00669645
1985-12,0.05740888,0.04583576,0.00423928
1986-01,0.01505352,0.01978021,0.08570050
1986-02,0.06791056,0.05053504,-0.01294482
1986-03,0.05487476,0.06302050,0.01396566
1986-04,0.03612584,0.04876017,-0.00900895
1986-05,0.01079706,-0.01625877,0.01176675
1986-06,0.04232770,0.01095352,0.01361640
1986-07,-0.02512407,0.03383970,0.00725700
1986-08,0.02763322,0.01998676,0.08844352
1986-09,-0.01610169,-0.00485534,0.11837033
1986-10,0.01272929,0.02133827,0.02819013
1986-11,0.05366126,0.03680536,-0.04470030
1986-12,0.02272861,0.02151638,-0.01214099
1987-01,0.05707124,-0.00109392,0.03402644
1987-02,0.06728247,-0.00348951,-0.01469777
1987-03,0.03269686,-0.00462559,0.00913539
1987-04,-0.01693373,-0.05400131,0.06186415
1987-05,-0.00988015,-0.04335485,0.03805781
1987-06,0.05907597,0.03488960,-0.00854736
1987-07,0.04534354,0.01743251,0.01594766
1987-08,0.07047940,-0.00771885,0.02787586
1987-09,-0.03711463,-0.04142064,-0.00917716
1987-10,-0.11517401,0.00534553,0.01472841
1987-11,-0.12779452,0.04518960,0.00098835
1987-12,-0.01620678,-0.00392689,0.03545153
1988-01,0.05092797,0.03684217,-0.01055102
1988-02,0.03530634,0.04005549,-0.07156316
1988-03,0.02553327,-0.01034677,-0.00207968
1988-04,0.00477078,-0.00241197,0.03201870
1988-05,-0.01012974,-0.00476339,0.00977690
1988-06,0.09741176,0.05458097,0.03531170
1988-07,0.01816255,0.01966163,-0.00814160
1988-08,-0.00758671,0.00446824,-0.00637184
1988-09,0.03880827,0.04551103,-0.02339663
1988-10,0.05452900,0.03544430,0.00114912
1988-11,-0.00382814,0.01362462,0.04918679
1988-12,0.02688326,0.00134098,0.00115198
1989-01,0.04019229,0.01381794,-0.03108092
1989-02,0.04312830,0.01226672,-0.03018613
1989-03,0.01324731,0.01035838,0.02011934
1989-04,0.05242737,0.03587180,0.00056794
1989-05,0.06657576,0.05359274,-0.01026295
1989-06,0.05432633,0.06674035,0.01148491
1989-07,0.02778262,0.02423633,0.01880452
1989-08,0.05922221,0.01240101,-0.01521743
1989-09,0.01277491,0.00959072,-0.00010417
1989-10,0.00729444,0.02348672,0.01829242
1989-11,-0.01195908,0.02258252,0.08032278
1989-12,0.02780412,0.00902907,0.03950294
1990-01,-0.02030456,-0.01642616,0.00334135
1990-02,-0.02376636,-0.00884235,0.01864405
1990-03,0.03474320,0.00661845,-0.05051453
1990-04,0.01237377,0.00443271,-0.03845500
1990-05,0.04032274,0.01104868,-0.01164609
1990-06,0.03744629,0.03154250,-0.04075693
1990-07,0.00117399,0.00720229,0.03071132
1990-08,-0.08207305,-0.01496809,0.08406711
1990-09,-0.01512073,0.02771074,0.01393460
1990-10,-0.01144729,0.03075146,-0.00882408
1990-11,0.03119997,0.03055057,0.00395051
1990-12,0.04758244,0.02955403,-0.01146938
1991-01,0.00475233,0.01781513,0.03046868
1991-02,0.14777457,0.05213252,-0.02515359
1991-03,0.05136656,0.00913625,0.01749920
1991-04,0.05784738,0.04635655,0.02023121
1991-05,0.02891013,0.03557672,0.02787473
1991-06,0.03004530,0.01899702,0.05523632
1991-07,0.22555330,0.22526504,0.21937562
1991-08,0.03613009,0.04139386,-0.02380829
1991-09,-0.00350161,0.02325751,-0.02012567
1991-10,0.00041263,0.01323270,0.02721186
1991-11,0.00034405,0.01409043,0.00297210
1991-12,0.00997339,0.03003792,0.00617521
1992-01,0.07544732,0.01189831,-0.02039878
1992-02,-0.00104290,-0.01079501,0.00499557
1992-03,0.08072878,0.08340077,0.06094044
1992-04,0.02096272,0.02889431,0.00347093
1992-05,0.00815464,0.00005359,-0.01810226
1992-06,-0.01408290,0.01442179,0.01105757
1992-07,0.02074014,0.03758263,0.03683495
1992-08,0.00586917,0.02009393,-0.03174397
1992-09,0.00421211,0.01825739,0.00626202
1992-10,-0.01178585,-0.00684978,-0.00286353
1992-11,0.02746078,-0.01450998,-0.02626538
1992-12,0.05102421,0.03082374,0.01773215
1993-01,0.00366135,0.02013984,-0.01572114
1993-02,0.05222910,0.06577644,0.03439359
1993-03,0.08600396,0.09071902,0.06637616
1993-04,-0.02359863,-0.00465504,0.02566874
1993-05,0.00734284,-0.00009584,0.07320126
1993-06,0.01042903,0.01274001,0.01540994
1993-07,-0.00154486,0.01396538,0.05149408
1993-08,0.01802076,0.01499041,-0.03278693
1993-09,0.01243717,0.02797206,-0.06435270
1993-10,0.01009142,0.00443976,0.02299473
1993-11,-0.00219420,-0.02697904,0.02514070
1993-12,0.00908042,0.00123775,0.02427593
1994-01,0.01735880,0.00630408,0.01044386
1994-02,-0.00047415,-0.01121589,-0.01264048
1994-03,-0.01531018,-0.03296540,0.00414243
1994-04,-0.03418065,-0.02998480,-0.01895734
1994-05,0.01006733,-0.00941388,0.01009498
1994-06,0.01137418,0.01190336,0.01341720
1994-07,-0.00544550,-0.00828061,-0.00284809
1994-08,0.03069922,0.01015780,-0.01310340
1994-09,0.00816180,-0.00920573,0.03156579
1994-10,-0.00443055,-0.01291379,-0.00509253
1994-11,-0.00301924,-0.00776687,-0.01471299
1994-12,-0.01040208,0.01670619,-0.01316545
1995-01,0.02399605,0.00804775,-0.00050335
1995-02,0.03838618,0.02812252,-0.00508998
1995-03,0.03234712,0.03189244,0.01994675
1995-04,0.02629979,0.01010096,0.01775324
1995-05,0.03382640,0.03712369,-0.01501295
1995-06,0.03131788,0.03879997,0.00733671
1995-07,0.03486810,-0.00347150,-0.00573754
1995-08,0.01176053,-0.00341896,0.00137992
1995-09,0.09356225,0.08246649,0.05161877
1995-10,0.04992114,0.05808678,0.04042654
1995-11,0.02516694,0.01475902,0.00677662
1995-12,0.04152567,0.02896751,0.01261720
1996-01,0.02584267,0.03366795,0.05593501
1996-02,0.08219334,0.01447630,0.03722508
1996-03,-0.05953110,-0.08473192,-0.07858115
1996-04,-0.00284401,-0.01685702,-0.01234432
1996-05,0.04458916,0.00931459,0.01795999
1996-06,0.01494018,-0.00432906,-0.01576807
1996-07,-0.01915118,0.02491688,0.01089803
1996-08,0.03459245,0.02604355,0.01420322
1996-09,0.02223215,-0.00605344,-0.00840082
1996-10,0.03926759,0.02543932,-0.00706339
1996-11,0.05156537,0.03064039,-0.00688753
1996-12,0.01317669,-0.00094795,-0.02265735
1997-01,0.03321426,-0.01430085,-0.03734515
1997-02,0.04322795,0.01671360,-0.02289458
1997-03,-0.00639468,-0.01415032,0.01424812
1997-04,-0.03557872,-0.01019136,-0.02427142
1997-05,0.09207771,0.01853200,-0.00009211
1997-06,0.05323300,0.02136559,-0.00884821
1997-07,0.05521030,0.02308625,-0.05178442
1997-08,0.01080732,0.00664871,0.00730403
1997-09,0.02504664,0.02496569,0.00984548
1997-10,0.01161610,0.01361716,0.00140313
1997-11,0.01535220,0.04380167,-0.03286503
1997-12,0.08445245,0.06730832,-0.00208611
1998-01,0.00214192,0.02499710,-0.00022843
1998-02,0.05367337,-0.00739417,0.01768687
1998-03,0.06826641,0.01298532,0.01095861
1998-04,0.03756645,0.00887265,0.04407224
1998-05,0.01702690,0.02331309,-0.01049613
1998-06,0.04812211,0.06371297,0.02239348
1998-07,0.05071785,0.01344212,0.00922729
1998-08,-0.06466476,0.01919430,-0.02545993
1998-09,-0.05484248,0.03942035,0.01133747
1998-10,0.00851475,0.02172648,0.01977857
1998-11,0.11063647,-0.01885546,-0.00595784
1998-12,0.04502822,0.02209584,-0.00299879
1999-01,0.04935218,-0.00268675,-0.01817561
1999-02,-0.00098890,-0.01806685,-0.00032201
1999-03,0.02886001,-0.01381403,-0.00384749
1999-04,0.04938302,0.01485430,-0.00395656
1999-05,0.00046363,-0.02144936,-0.02331755
1999-06,0.00208448,-0.01405122,-0.04654370
1999-07,0.04870693,0.01650420,-0.01588857
1999-08,-0.03449244,-0.00293767,0.00729840
1999-09,-0.00381176,0.00862956,0.03337776
1999-10,-0.01375053,-0.01007265,0.17236551
1999-11,0.06872815,0.00879745,-0.05992850
1999-12,0.02964631,-0.01172622,-0.03266504
2000-01,0.00031610,-0.02055413,0.00504611
2000-02,-0.02333773,0.01716052,0.05790111
2000-03,0.03903572,0.02405971,-0.04700953
2000-04,0.01532509,0.02627744,-0.01993804
2000-05,-0.01968708,-0.01890769,-0.00906197
2000-06,0.04765846,0.04639273,0.05615359
2000-07,0.01030591,0.01057441,-0.01222372
2000-08,0.03029167,0.04257800,-0.00655483
2000-09,-0.00648902,0.01148219,0.00263466
2000-10,-0.04271486,0.01936141,-0.00479769
2000-11,0.00074259,0.01486891,-0.00640709
2000-12,-0.03396267,0.04070330,0.01799408
2001-01,0.00088483,0.00682882,-0.02570808
2001-02,-0.02245850,0.00779500,-0.01242792
2001-03,-0.08901037,0.02260492,0.00579159
2001-04,0.00740222,-0.01230086,-0.00853768
2001-05,0.07241852,-0.01138599,0.04970225
2001-06,-0.02190923,0.01495136,-0.00534216
2001-07,-0.02379438,0.01036928,-0.00454414
2001-08,-0.02069924,0.02505348,0.01467583
2001-09,-0.10147289,0.03564438,0.05333681
2001-10,0.03832941,0.02297917,0.00628886
2001-11,0.05034782,-0.00266434,-0.02490547
2001-12,0.01236899,-0.03224684,-0.00225839
2002-01,0.00573402,0.01691429,0.03066599
2002-02,-0.02626216,0.02193530,0.05753619
2002-03,0.05052765,-0.02318990,-0.00573939
2002-04,-0.03174326,0.01332735,0.03424510
2002-05,-0.02665086,0.00979590,0.03795956
2002-06,-0.05983912,0.02148638,0.02160892
2002-07,-0.11116128,0.02204014,-0.02882968
2002-08,0.00780777,0.03148827,-0.01309056
2002-09,-0.05056495,0.03216846,0.02580430
2002-10,-0.01518261,-0.00400479,-0.00779312
2002-11,0.06398832,-0.00774200,0.00416918
2002-12,-0.01313395,0.00217019,0.03782529
2003-01,-0.00621217,-0.00226464,0.07100442
2003-02,-0.06824052,0.01117276,0.00120509
2003-03,0.01157891,0.00912859,-0.05154574
2003-04,0.04654718,-0.01496893,-0.04388918
2003-05,0.04687995,0.02949191,0.07893257
2003-06,0.04783116,0.01418840,-0.00871365
2003-07,-0.00436995,-0.05981004,-0.02416851
2003-08,-0.00737203,-0.03956151,0.01977610
2003-09,0.02916498,0.01572237,0.05028075
2003-10,0.01041749,-0.00772708,-0.00966482
2003-11,0.01546739,0.00610508,0.03244147
2003-12,0.03108380,0.00642319,0.04404104
2004-01,0.04663035,0.01060713,0.01456306
2004-02,0.00678811,0.00504921,-0.02568609
2004-03,-0.02224652,0.01700720,-0.00179423
2004-04,-0.01451139,-0.06137577,-0.03355331
2004-05,0.00285442,0.00309526,-0.01927837
2004-06,0.03602661,0.01041469,0.02822709
2004-07,-0.01050675,0.03460091,0.02764526
2004-08,-0.00817380,0.02728267,0.01336340
2004-09,0.02189742,0.00981260,0.00414921
2004-10,-0.00591420,-0.00110765,0.02984721
2004-11,0.03163417,-0.01913754,0.02917175
2004-12,0.00023103,-0.02605365,-0.01967162
2005-01,-0.01871195,-0.00098551,-0.04579963
2005-02,0.01589818,0.00663830,-0.00325514
2005-03,-0.00232012,-0.02245952,0.02624724
2005-04,-0.02283980,0.01783443,-0.01025526
2005-05,0.00796241,0.01431817,-0.02155528
2005-06,0.02451394,0.01750658,0.02403270
2005-07,0.01596103,-0.01321370,-0.01828682
2005-08,0.00577918,-0.00026968,0.03577777
2005-09,0.00961731,0.01523405,0.04817678
2005-10,-0.00600360,0.00327308,0.05212387
2005-11,0.05991647,0.01686191,0.03471190
2005-12,0.01991468,0.00783295,0.06758441
2006-01,-0.01566991,-0.02242488,0.04618728
2006-02,0.00048959,-0.00752000,0.00975297
2006-03,0.01733486,-0.00554416,0.00604965
2006-04,0.01904804,-0.00619531,0.10898923
2006-05,0.00035411,0.00315649,0.11389986
2006-06,-0.01214602,0.01965021,-0.10350421
2006-07,0.01771169,0.01629735,0.07485992
2006-08,0.02465159,0.02232654,0.00011519
2006-09,0.01569573,0.00708721,-0.06415231
2006-10,0.02140174,-0.01113824,-0.03402349
2006-11,0.00585928,0.00012419,0.05679826
2006-12,0.01595109,0.00154280,-0.00224776
2007-01,0.00065130,-0.01802404,-0.00465637
2007-02,0.01166968,0.00285203,0.04943177
2007-03,-0.02974377,0.01136673,-0.02009224
2007-04,-0.00044653,-0.04670912,-0.00539859
2007-05,-0.00173768,-0.03525135,-0.05154913
2007-06,0.00399070,-0.02249247,-0.01596083
2007-07,-0.00210096,0.00409835,0.00581015
2007-08,-0.03237025,0.04048938,0.01006361
2007-09,0.01793629,0.00314879,0.05885433
2007-10,0.00921725,-0.01718272,0.03762432
2007-11,-0.04901586,0.03337553,0.06648120
2007-12,0.01362559,0.00873639,-0.00249848
2008-01,-0.06889861,0.03019867,0.10532057
2008-02,-0.00546455,0.01348565,0.04666348
2008-03,-0.01468910,0.03439268,0.06237428
2008-04,0.03780557,-0.01548767,-0.06409496
2008-05,0.07785068,0.03697694,0.02666777
2008-06,-0.02510788,0.00331846,0.01812775
2008-07,-0.06211568,0.00928896,0.05586943
2008-08,0.02595948,0.01795357,-0.10320379
2008-09,0.00972404,0.08209647,0.04978120
2008-10,-0.14785224,0.06055212,0.03817974
2008-11,-0.08161304,0.03141846,-0.05241965
2008-12,-0.01041697,0.09266062,0.06484340
2009-01,-0.00715745,-0.00289527,0.05673863
2009-02,-0.05650935,-0.01696401,0.11016147
2009-03,-0.02085824,0.04513440,0.01727015
2009-04,0.09765523,-0.02965476,-0.05871720
2009-05,0.03552810,-0.05612963,0.01341364
2009-06,0.01095216,-0.04932648,0.00074193
2009-07,0.02740927,0.03105494,0.00157998
2009-08,0.07852916,-0.00199621,0.01354304
2009-09,0.03757340,0.01992433,0.05123157
2009-10,-0.01074480,-0.03041484,0.01102754
2009-11,0.01827559,-0.00062898,0.07771353
2009-12,0.02218827,-0.01297005,0.00702923
2010-01,-0.00021767,-0.02201167,-0.02837700
2010-02,-0.02097024,0.01471172,-0.01248852
2010-03,0.04060370,-0.01798215,-0.00162431
2010-04,0.01782010,-0.02871117,0.00947488
2010-05,-0.03076488,0.07009338,0.08000385
2010-06,-0.02006592,0.03769370,0.03954114
2010-07,0.00406498,0.02462364,-0.02696025
2010-08,0.00213932,0.02269093,0.01271378
2010-09,0.02063788,-0.00614531,0.03201092
2010-10,0.01114768,-0.02170384,0.02090084
2010-11,0.03825371,-0.00405478,0.03415629
2010-12,0.04102679,-0.03864487,0.01913610
2011-01,0.04093060,0.00044253,-0.01632446
2011-02,0.03161094,-0.01282021,0.01112968
2011-03,-0.02126189,0.00675817,0.02429990
2011-04,0.00825166,-0.01496218,0.02654751
2011-05,0.02025716,0.04134242,0.03547566
2011-06,-0.03858912,0.01505782,0.00851571
2011-07,0.02147126,-0.00678206,0.01925163
2011-08,-0.08548962,0.08624796,0.14135536
2011-09,0.04415031,0.08466254,0.06023502
2011-10,0.06283981,0.01780773,-0.03002138
2011-11,0.04821046,0.04476081,0.07514139
2011-12,0.04969200,0.03813260,-0.02522158
2012-01,0.02020290,-0.02388223,-0.01805036
2012-02,0.00444930,-0.03410803,0.01736337
2012-03,0.05357131,0.00753556,-0.01645244
2012-04,0.02594635,0.03919572,0.00980443
2012-05,0.01861177,0.07666411,0.01285577
2012-06,0.01778555,0.04811171,0.03613123
2012-07,0.01968822,0.00026051,-0.01235040
2012-08,0.03515852,-0.01115016,0.02385220
2012-09,0.00898310,-0.02279253,0.04849233
2012-10,-0.02512967,-0.02426562,-0.02188852
2012-11,0.00245752,0.04263998,0.01696853
2012-12,0.01919092,-0.00747923,-0.02394255
2013-01,0.03471200,-0.02318679,-0.01530521
2013-02,0.01538384,-0.01241179,-0.03387666
2013-03,0.03896525,0.01491345,-0.01031494
2013-04,0.01268679,0.01789878,-0.06761771
2013-05,0.05846519,-0.00181183,-0.03817023
2013-06,0.04994869,0.02886609,0.00850127
2013-07,0.05690486,0.00061790,-0.01985132
2013-08,0.05369088,0.03877999,0.10497795
2013-09,0.02541090,0.00953901,0.01107880
2013-10,-0.01158818,-0.01384864,-0.05504447
2013-11,0.05397514,0.00825079,-0.01678844
2013-12,0.00373740,-0.02430821,-0.05314839
2014-01,0.01449198,0.01064491,0.02285687
2014-02,-0.00035964,0.01630720,0.04600042
2014-03,0.00711917,-0.01820378,0.00757960
2014-04,-0.00786687,-0.00676393,-0.03802676
2014-05,-0.00254935,-0.00254768,-0.02441177
2014-06,0.03983812,0.00627732,-0.00018613
2014-07,0.02105612,0.01344979,0.03117790
2014-08,0.00862457,0.02575328,0.00058690
2014-09,0.01817826,-0.00718958,-0.04441418
2014-10,-0.01896501,0.03027618,-0.00451480
2014-11,0.06249969,0.00441964,-0.03351023
2014-12,0.02305007,0.02939024,0.03910104
2015-01,-0.02020140,0.02207665,0.03204573
2015-02,0.02596521,-0.00962573,-0.02138687
2015-03,0.00846245,0.00416296,-0.03152459
2015-04,0.01138192,0.01328437,0.01958242
2015-05,0.02709564,-0.00466327,0.01713883
2015-06,-0.00332521,-0.01121823,-0.01315885
2015-07,-0.00355982,0.00271105,-0.04832464
2015-08,-0.00134601,0.03907690,0.01439361
2015-09,-0.02938067,0.01826889,0.02279490
2015-10,0.02519029,-0.00668989,0.01246452
2015-11,0.04632229,0.00119441,-0.04751209
2015-12,-0.00501059,0.00976146,-0.00317791
2016-01,-0.05250400,0.02792331,0.03319586
2016-02,0.00788682,0.04367008,0.10760648
2016-03,0.04260708,-0.02801757,0.01699615
2016-04,0.02110267,0.00173410,-0.00940416
2016-05,0.00397477,0.00855880,0.02244545
2016-06,0.01634606,0.02272557,0.01758340
2016-07,0.03132355,0.01260125,0.04613110
2016-08,0.00815755,-0.00801632,-0.00155424
2016-09,-0.00720970,-0.00790674,-0.01250941
2016-10,-0.00464670,-0.01001275,-0.04481834
2016-11,0.02562812,-0.01930464,-0.00974178
2016-12,0.04200606,-0.02642507,-0.06313864
2017-01,0.01799970,0.01093237,0.03393070
2017-02,0.00956263,-0.01293874,0.01888350
2017-03,-0.00030868,-0.02066823,-0.01988380
2017-04,-0.02073358,-0.00162191,0.00945920
2017-05,0.01508799,0.00010801,-0.01834986
2017-06,0.01821771,0.01212475,0.01168648
2017-07,0.00949964,-0.01000406,-0.01862261
2017-08,-0.00461293,0.00452492,0.02985025
2017-09,0.02462443,0.01071017,0.03231465
2017-10,0.03624203,-0.00368854,-0.01744192
2017-11,0.01289341,-0.00011703,-0.00139742
2017-12,0.01933087,-0.01164600,-0.02314849
2018-01,0.03883702,-0.02286197,0.04318344
2018-02,-0.01689196,-0.00981708,0.01233086
2018-03,0.01020495,0.01369350,0.00500205
2018-04,-0.00715466,0.00943705,0.01726552
2018-05,0.04813843,0.02078525,0.00333292
2018-06,0.02536487,0.01265835,-0.01203596
2018-07,0.02924413,0.01742113,-0.02154775
2018-08,0.03860336,0.01619959,-0.01572111
2018-09,0.05543863,0.03077127,0.03454855
2018-10,-0.02142216,0.00737911,0.03219314
2018-11,-0.04502743,-0.01974197,-0.01996493
2018-12,-0.06753743,0.01456185,0.01083747
2019-01,0.01558831,0.01097229,0.03180372
2019-02,0.06523204,0.01144812,0.02837461
2019-03,-0.00464678,-0.01213679,-0.03771927
2019-04,0.03599778,0.00443368,-0.01270598
2019-05,-0.00998495,0.01900928,0.00385226
2019-06,0.00831191,0.02561363,0.05242470
2019-07,0.02856375,-0.00675844,0.03001175
2019-08,0.00318071,0.07804466,0.09940766
2019-09,0.03261744,-0.00330118,0.00905823
2019-10,-0.00414297,-0.00373465,-0.01478469
2019-11,0.05147873,-0.00082881,-0.00932469
2019-12,0.01985597,-0.00770702,0.00069214
2020-01,0.03524023,0.01235003,0.05725690
2020-02,0.00473942,0.02894450,0.02665755
2020-03,-0.15495860,0.10575726,0.03893917
2020-04,0.06585552,0.04303503,0.08013387
2020-05,0.05177401,-0.00711005,0.01277148
2020-06,0.06578942,-0.00451124,0.00999371
2020-07,0.02411570,0.00076636,0.05542305
2020-08,0.05380633,-0.00719180,0.06088987
2020-09,-0.02016199,-0.01627756,-0.03751591
2020-10,0.01783420,-0.00934660,-0.01088842
2020-11,0.04895662,0.00206796,-0.00899949
2020-12,0.03401068,-0.01314468,-0.01249106
2021-01,0.02084720,-0.02011584,-0.00210214
2021-02,0.02063538,-0.01994019,-0.03564540
2021-03,0.00841160,-0.03072052,-0.04959212
2021-04,0.08495140,0.02190541,0.04834905
2021-05,-0.01013923,-0.01447181,0.03262829
2021-06,0.02327357,0.01565405,-0.00307186
2021-07,0.04414088,0.03311632,-0.00184782
2021-08,0.01604588,-0.00089484,-0.01833055
2021-09,-0.00731320,-0.01367878,-0.01203965
2021-10,0.02204189,-0.00093765,0.01858768
2021-11,0.04125391,-0.00278398,0.01926087
2021-12,0.01501001,0.02201803,-0.00545628
2022-01,-0.03334589,-0.03782478,0.00123986
2022-02,-0.02169193,-0.00636110,0.02974580
2022-03,0.00720352,-0.00017421,0.06665030
2022-04,0.00095043,-0.05193878,-0.00587782
2022-05,-0.06516436,0.00401123,-0.03137795
2022-06,-0.02373366,-0.00777572,0.00375060
2022-07,0.02396402,0.04284523,-0.03847479
2022-08,0.06333713,0.00134613,0.01737742
2022-09,-0.06405883,-0.04016713,-0.03864017
2022-10,-0.00630592,-0.00993906,0.01502089
2022-11,0.04503371,0.00315941,0.02896164
2022-12,0.00982166,0.03553083,0.05244208
2023-01,0.00475702,0.00151350,0.04623793
2023-02,0.04230292,-0.00479462,-0.01239068
2023-03,-0.02978154,0.00647946,0.02710929
2023-04,0.03619508,0.01602438,0.04169119
2023-05,0.01142276,-0.00224436,0.00000011
2023-06,0.04849738,-0.01268825,-0.02545767
2023-07,0.03789252,-0.00994158,0.00327839
2023-08,-0.00203069,-0.01066331,-0.00855164
2023-09,0.01758012,-0.01019912,0.00154489
2023-10,-0.05157375,-0.02747436,0.00175996
2023-11,0.04660097,0.02840192,0.03611029
2023-12,0.05161162,0.04253889,0.02102219
2024-01,0.02505896,-0.00159574,0.00223510
2024-02,0.04244670,-0.01062415,-0.00736345
2024-03,0.03387182,0.00439028,0.06767008
2024-04,-0.00543823,-0.01818816,0.08505104
2024-05,0.02520876,0.00843033,0.00846512
2024-06,0.03658588,0.01822166,-0.00977121
2024-07,0.02559482,0.00997057,0.03255410
2024-08,-0.00597108,0.03825464,0.03367246
2024-09,0.02627279,0.01442601,0.03971809
2024-10,0.03438364,-0.02512563,0.04895768
2024-11,0.02907083,-0.01350388,-0.01065491
2024-12,0.02263005,0.00879314,0.00640138
2025-01,0.01129569,-0.00022745,0.03903094
2025-02,0.02057326,0.02758879,0.07815391
2025-03,-0.06329298,0.01099244,0.02397913
2025-04,-0.06433762,-0.00738980,0.06700214
2025-05,0.07934058,-0.01140999,0.02430599
2025-06,0.04669283,0.01431772,0.02078926
2025-07,0.04911236,0.00629675,-0.00045644
2025-08,0.03571259,0.03053733,0.02474389
2025-09,0.03746636,0.02356692,0.09842477
2025-10,0.02490699,0.00883597,0.10701248
2025-11,0.00747951,0.00634150,0.01248106
2025-12,0.03159502,0.01276796,0.06844745
2026-01,0.02217562,0.00743685,0.11366810
2026-02,-0.00549551,0.00822314,0.05435439
2026-03,-0.01133319,0.01650936,-0.01057799
2026-04,0.05425904,0.00506454,-0.02086358
2026-05,0.09022575,0.01266363,-0.00704538
2026-06,0.00033258,-0.00150295,-0.08379796
2026-07,0.01502176,0.00285355,-0.02755753
