Month,Nifty (price index),Gold (USD/oz),USD/INR,Gold (INR/oz),Liquid (index)
2000-01,1546.2000,286.2000,43.6500,12492.6300,100.7486
2000-02,1654.8000,294.2000,43.6500,12841.8300,101.4434
2000-03,1528.4500,281.4000,43.6500,12283.1100,102.2328
2000-04,1406.5500,274.7000,43.7000,12004.3900,102.9357
2000-05,1380.4500,274.8000,44.6500,12269.8200,103.6501
2000-06,1471.4500,291.5000,44.7000,13030.0500,104.4111
2000-07,1332.8500,283.2000,45.1500,12786.4800,105.1964
2000-08,1394.1000,282.1000,45.9000,12948.3900,106.0711
2000-09,1271.6500,276.9000,46.0600,12754.0140,106.9714
2000-10,1172.7500,266.4000,46.9000,12494.1600,107.8607
2000-11,1268.1500,273.3000,46.8700,12809.5710,108.6725
2000-12,1263.5500,273.6000,46.7500,12790.8000,109.4995
2001-01,1371.7000,268.0000,46.4400,12445.9200,110.3240
2001-02,1351.4000,267.8000,46.5900,12476.8020,111.0513
2001-03,1148.2000,259.2000,46.8500,12143.5200,111.8320
2001-04,1125.2500,264.4000,46.8800,12395.0720,112.5897
2001-05,1167.9000,266.9000,47.0000,12544.3000,113.3224
2001-06,1107.9000,271.3000,47.0900,12775.5170,114.0031
2001-07,1072.8500,269.2000,47.1800,12700.8560,114.6900
2001-08,1053.7500,276.5000,47.1700,13042.5050,115.3664
2001-09,913.8500,294.0000,47.9000,14082.6000,116.0303
2001-10,971.9000,280.5000,48.0400,13475.2200,116.7092
2001-11,1067.1500,274.9000,47.9800,13189.7020,117.3533
2001-12,1059.0500,279.0000,48.2700,13467.3300,118.0332
2002-01,1075.4000,282.9000,48.5600,13737.6240,118.7164
2002-02,1142.0500,297.1000,48.7600,14486.5960,119.2949
2002-03,1129.5500,303.7000,48.8300,14829.6710,119.9147
2002-04,1084.5000,309.2000,48.9800,15144.6160,120.4992
2002-05,1028.8000,327.5000,49.0600,16067.1500,121.1765
2002-06,1057.8000,313.9000,48.9100,15352.8490,121.8138
2002-07,958.9000,305.2000,48.6900,14860.1880,122.4189
2002-08,1010.6000,313.9000,48.5200,15230.4280,123.0232
2002-09,963.1500,325.2000,48.4000,15739.6800,123.6043
2002-10,951.4000,318.4000,48.3900,15407.3760,124.2078
2002-11,1050.1500,316.8000,48.3600,15320.4480,124.7649
2002-12,1093.5000,348.2000,48.0000,16713.6000,125.3332
2003-01,1041.8500,369.1000,47.8300,17654.0530,125.9154
2003-02,1063.4000,350.3000,47.6600,16695.2980,126.4663
2003-03,978.2000,336.9000,47.5300,16012.8570,127.0915
2003-04,934.0500,339.4000,47.3700,16077.3780,127.6358
2003-05,1006.8000,365.6000,47.0700,17208.7920,128.1269
2003-06,1134.1500,346.3000,46.4000,16068.3200,128.6469
2003-07,1185.8500,355.8000,46.1500,16420.1700,129.1830
2003-08,1356.5500,376.8000,45.8800,17287.5840,129.7198
2003-09,1417.1000,386.1000,45.7800,17675.6580,130.2130
2003-10,1555.9000,384.6000,45.3300,17433.9180,130.7181
2003-11,1615.2500,396.8000,45.8200,18181.3760,131.1993
2003-12,1879.7500,416.1000,45.5500,18953.3550,131.6679
2004-01,1809.7500,402.9000,45.3200,18259.4280,132.1443
2004-02,1800.3000,396.8000,45.3200,17982.9760,132.6037
2004-03,1771.9000,428.3000,43.4000,18588.2200,133.0844
2004-04,1796.1000,387.5000,44.5200,17251.5000,133.5644
2004-05,1483.6000,394.9000,45.4200,17936.3580,134.0643
2004-06,1505.6000,393.0000,45.9900,18074.0700,134.5551
2004-07,1632.3000,393.7000,46.4000,18267.6800,135.0681
2004-08,1631.7500,412.4000,46.3500,19114.7400,135.6120
2004-09,1745.5000,420.4000,45.9100,19300.5640,136.1407
2004-10,1786.9000,429.4000,45.3000,19451.8200,136.7367
2004-11,1958.8000,453.2000,44.4700,20153.8040,137.3532
2004-12,2080.5000,438.4000,43.2700,18969.5680,137.9739
2005-01,2057.6000,424.1000,43.6000,18490.7600,138.5995
2005-02,2103.2500,437.6000,43.5700,19066.2320,139.1597
2005-03,2035.6500,431.1000,43.6200,18804.5820,139.7815
2005-04,1902.5000,436.1000,43.4800,18961.6280,140.3810
2005-05,2087.5500,418.9000,43.6200,18272.4180,141.0000
2005-06,2220.6000,437.1000,43.5100,19018.2210,141.6124
2005-07,2312.3000,435.8000,43.4000,18913.7200,142.2689
2005-08,2384.6500,438.1000,44.0000,19276.4000,142.9066
2005-09,2601.4000,472.3000,43.9400,20752.8620,143.5174
2005-10,2370.9500,466.9000,45.0900,21052.5210,144.1888
2005-11,2652.2500,498.7000,45.8700,22875.3690,144.8723
2005-12,2836.5500,519.7000,44.9500,23360.5150,145.5911
2006-01,3001.1000,575.5000,43.9600,25298.9800,146.3632
2006-02,3074.7000,563.9000,44.2100,24930.0190,147.1090
2006-03,3402.5500,586.7000,44.4800,26096.4160,147.9337
2006-04,3557.6000,654.5000,44.8600,29360.8700,148.6197
2006-05,3071.0500,649.0000,46.2200,29996.7800,149.3356
2006-06,3128.2000,616.0000,45.8700,28255.9200,150.0761
2006-07,3143.2000,646.8000,46.4900,30069.7320,150.8949
2006-08,3413.9000,634.2000,46.4300,29445.9060,151.7175
2006-09,3588.4000,604.2000,45.9500,27762.9900,152.5282
2006-10,3744.1000,606.8000,44.9000,27245.3200,153.3884
2006-11,3954.5000,652.9000,44.5900,29112.8110,154.2287
2006-12,3966.4000,638.0000,44.1100,28142.1800,155.1390
2007-01,4082.7000,657.9000,44.0700,28993.6530,156.0912
2007-02,3745.3000,672.5000,44.0800,29643.8000,157.0203
2007-03,3821.5500,669.0000,43.1000,28833.9000,158.0421
2007-04,4087.9000,683.5000,41.0400,28050.8400,159.0324
2007-05,4295.8000,666.7000,40.3600,26908.0120,160.0629
2007-06,4318.3000,650.9000,40.5800,26413.5220,161.0426
2007-07,4528.8500,679.3000,40.1800,27294.2740,161.7811
2007-08,4464.0000,681.9000,40.6300,27705.5970,162.6919
2007-09,5021.3500,750.0000,39.7500,29812.5000,163.6406
2007-10,5900.6500,795.3000,39.2600,31223.4780,164.6266
2007-11,5762.7500,789.1000,39.5200,31185.2320,165.6337
2007-12,6138.6000,838.0000,39.4100,33025.5800,166.6829
2008-01,5137.4500,928.0000,39.3100,36479.6800,167.6917
2008-02,5223.5000,975.0000,39.9600,38961.0000,168.6685
2008-03,4734.5000,921.5000,40.0200,36878.4300,169.7253
2008-04,5165.9000,865.1000,40.4500,34993.2950,170.7405
2008-05,4870.1000,891.5000,42.1500,37576.7250,171.8157
2008-06,4040.5500,928.3000,42.9300,39851.9190,172.9334
2008-07,4332.9500,922.7000,42.4700,39187.0690,174.2595
2008-08,4360.0000,835.2000,43.2500,36122.4000,175.6259
2008-09,3921.2000,880.8000,46.4500,40913.1600,176.8973
2008-10,2885.6000,718.2000,49.4000,35479.0800,178.1416
2008-11,2755.1000,819.0000,49.5500,40581.4500,179.2192
2008-12,2959.1500,884.3000,48.5800,42959.2940,180.1082
2009-01,2874.8000,928.4000,48.8300,45333.7720,180.8252
2009-02,2763.6500,942.5000,50.8800,47954.4000,181.4902
2009-03,3020.9500,925.0000,50.8700,47054.7500,182.2258
2009-04,3473.9500,891.2000,49.7000,44292.6400,182.8208
2009-05,4448.9500,980.3000,47.1100,46181.9330,183.3278
2009-06,4291.1000,927.4000,47.7400,44274.0760,183.8324
2009-07,4636.4500,955.8000,47.9100,45792.3780,184.3371
2009-08,4662.1000,953.5000,48.8300,46559.4050,184.8585
2009-09,5083.9500,1009.3000,48.0900,48537.2370,185.3742
2009-10,4711.7000,1040.4000,46.9000,48794.7600,185.8812
2009-11,5032.7000,1182.3000,46.4400,54906.0120,186.3815
2009-12,5201.0500,1096.2000,46.4000,50863.6800,186.9408
2010-01,4882.0500,1083.8000,46.0800,49941.5040,187.5356
2010-02,4922.3000,1118.9000,46.0500,51525.3450,188.1263
2010-03,5249.1000,1114.5000,44.9500,50096.7750,188.8188
2010-04,5278.0000,1180.7000,44.2000,52186.9400,189.4722
2010-05,5086.3000,1226.9000,46.3100,56817.7390,190.1675
2010-06,5312.5000,1245.9000,46.4100,57822.2190,190.9939
2010-07,5367.6000,1183.9000,46.3500,54873.7650,191.8841
2010-08,5402.4000,1250.3000,47.0200,58789.1060,192.8799
2010-09,6029.9500,1309.6000,44.5600,58355.7760,193.8519
2010-10,6017.7000,1357.6000,44.4400,60331.7440,194.9339
2010-11,5862.7000,1386.1000,45.8300,63524.9630,196.0301
2010-12,6134.5000,1421.4000,44.8000,63678.7200,197.2203
2011-01,5505.9000,1334.5000,45.9200,61280.2400,198.4241
2011-02,5333.2500,1409.9000,45.1800,63699.2820,199.5170
2011-03,5833.7500,1439.9000,44.5400,64133.1460,200.7417
2011-04,5749.5000,1556.4000,44.2400,68855.1360,201.9484
2011-05,5560.1500,1536.8000,45.0400,69217.4720,203.3213
2011-06,5647.4000,1502.8000,44.5900,67009.8520,204.6984
2011-07,5482.0000,1631.2000,44.2000,72099.0400,206.1261
2011-08,5001.0000,1831.7000,45.7900,83873.5430,207.5944
2011-09,4943.2500,1622.3000,49.0500,79573.8150,209.0336
2011-10,5326.6000,1725.2000,48.6700,83965.4840,210.5528
2011-11,4832.0500,1750.3000,52.1200,91225.6360,212.0813
2011-12,4624.3000,1566.8000,53.0100,83056.0680,213.6292
2012-01,5199.2500,1740.4000,49.5400,86219.4160,215.1938
2012-02,5385.2000,1711.3000,48.9900,83836.5870,216.7227
2012-03,5295.5500,1671.9000,50.8900,85082.9910,218.3896
2012-04,5248.1500,1664.2000,52.6500,87620.1300,219.9466
2012-05,4924.2500,1564.2000,56.3800,88189.5960,221.5237
2012-06,5278.9000,1604.2000,55.5700,89145.3940,223.0361
2012-07,5229.0000,1614.6000,55.5500,89691.0300,224.5989
2012-08,5258.5000,1687.6000,55.5200,93695.5520,226.1752
2012-09,5703.3000,1773.9000,52.9200,93874.7880,227.6950
2012-10,5619.7000,1719.1000,53.8000,92487.5800,229.2661
2012-11,5879.8500,1712.7000,54.2600,92931.1020,230.8104
2012-12,5905.1000,1675.8000,54.8600,91934.3880,232.4186
2013-01,6034.7500,1662.0000,53.3200,88617.8400,234.0102
2013-02,5693.0500,1578.1000,54.3700,85801.2970,235.4475
2013-03,5682.5500,1595.7000,54.5200,86997.5640,237.0725
2013-04,5930.2000,1472.1000,53.6800,79022.3280,238.5975
2013-05,5985.9500,1393.0000,56.5000,78704.5000,240.1023
2013-06,5842.2000,1223.7000,59.5200,72834.6240,241.5690
2013-07,5742.0000,1313.0000,60.7700,79791.0100,243.2741
2013-08,5471.8000,1396.1000,65.7100,91737.7310,245.6083
2013-09,5735.3000,1327.0000,62.5800,83043.6600,247.7924
2013-10,6299.1500,1323.7000,61.6100,81553.1570,249.7041
2013-11,6176.1000,1250.4000,62.3900,78012.4560,251.5152
2013-12,6304.0000,1202.3000,61.9200,74446.4160,253.3849
2014-01,6089.5000,1239.8000,62.6300,77648.6740,255.2702
2014-02,6276.9500,1321.6000,61.7800,81648.4480,257.0465
2014-03,6704.2000,1283.8000,60.0000,77028.0000,259.0513
2014-04,6696.4000,1295.9000,60.2100,78026.1390,260.9496
2014-05,7229.9500,1246.0000,59.1600,73713.3600,262.9024
2014-06,7611.3500,1322.0000,60.0600,79399.3200,264.7591
2014-07,7721.3000,1282.8000,60.5500,77673.5400,266.6939
2014-08,7954.3500,1287.4000,61.5100,79187.9740,268.6580
2014-09,7964.8000,1211.6000,61.9200,75022.2720,270.5606
2014-10,8322.2000,1171.6000,61.4400,71983.1040,272.5153
2014-11,8588.2500,1175.5000,62.2000,73116.1000,274.3843
2014-12,8282.7000,1184.1000,63.0400,74645.6640,276.3223
2015-01,8808.9000,1279.2000,62.0100,79323.1920,278.2798
2015-02,8901.8500,1213.1000,61.6700,74811.8770,280.0565
2015-03,8491.0000,1183.2000,62.3100,73725.1920,282.0363
2015-04,8181.5000,1182.4000,63.5800,75176.9920,283.8845
2015-05,8433.6500,1189.8000,63.7100,75802.1580,285.8037
2015-06,8368.5000,1171.8000,63.5900,74514.7620,287.6184
2015-07,8532.8500,1095.1000,63.8700,69944.0370,289.4624
2015-08,7971.3000,1132.5000,66.3900,75186.6750,291.2883
2015-09,7948.9000,1115.2000,65.5000,73045.6000,293.0737
2015-10,8065.8000,1141.4000,65.4000,74647.5600,294.8398
2015-11,7935.2500,1065.3000,66.4300,70767.8790,296.5726
2015-12,7946.3500,1060.2000,66.1900,70174.6380,298.3900
2016-01,7563.5500,1116.4000,67.8700,75770.0680,300.2346
2016-02,6987.0500,1234.4000,68.2100,84198.4240,301.9923
2016-03,7738.4000,1235.6000,66.2500,81858.5000,303.8612
2016-04,7849.8000,1290.5000,66.3900,85676.2950,305.5922
2016-05,8160.1000,1217.5000,67.1200,81718.6000,307.3746
2016-06,8287.7500,1320.6000,67.5100,89153.7060,309.0974
2016-07,8638.5000,1357.5000,66.7700,90640.2750,310.8350
2016-08,8786.2000,1311.4000,66.9400,87785.1160,312.5724
2016-09,8611.1500,1317.1000,66.5800,87692.5180,314.2573
2016-10,8625.7000,1273.1000,66.7200,84941.2320,315.9679
2016-11,8224.5000,1173.9000,68.5600,80482.5840,317.5674
2016-12,8185.8000,1151.7000,67.9200,78223.4640,319.2158
2017-01,8561.3000,1211.4000,67.4800,81745.2720,320.9137
2017-02,8879.6000,1253.9000,66.6700,83597.5130,322.4344
2017-03,9173.7500,1251.2000,64.8500,81140.3200,324.0680
2017-04,9304.0500,1268.3000,64.2700,81513.6410,325.6657
2017-05,9621.2500,1270.1000,64.5000,81921.4500,327.4009
2017-06,9520.9000,1242.3000,64.6200,80277.4260,329.0959
2017-07,10077.1000,1279.4000,64.1800,82111.8920,330.8378
2017-08,9917.9000,1330.4000,63.9300,85052.4720,332.5671
2017-09,9788.6000,1284.8000,65.3000,83897.4400,334.2381
2017-10,10335.3000,1277.3000,64.7500,82705.1750,335.9715
2017-11,10226.5500,1282.3000,64.4600,82657.0580,337.6626
2017-12,10530.7000,1309.3000,63.8300,83572.6190,339.4349
2018-01,11027.7000,1347.9000,63.5800,85699.4820,341.2621
2018-02,10492.8500,1305.2000,65.2000,85099.0400,342.9355
2018-03,10113.7000,1327.3000,65.1100,86420.5030,344.7596
2018-04,10739.3500,1306.8000,66.5000,86902.2000,346.4986
2018-05,10736.1500,1299.3000,67.4000,87572.8200,348.3574
2018-06,10714.3000,1254.5000,68.4600,85883.0700,350.2197
2018-07,11356.5000,1227.6000,68.5400,84139.7040,352.1716
2018-08,11680.5000,1206.7000,71.0000,85675.7000,354.1980
2018-09,10930.4500,1196.2000,72.5400,86772.3480,356.2319
2018-10,10386.6000,1238.6000,73.9500,91594.4700,358.3582
2018-11,10876.7500,1226.0000,69.6200,85354.1200,360.3914
2018-12,10862.5500,1283.0000,69.5800,89271.1400,362.4432
2019-01,10830.9500,1322.1000,70.9400,93789.7740,364.4909
2019-02,10792.5000,1299.2000,70.8300,92022.3360,366.3057
2019-03,11623.9000,1298.5000,69.1600,89804.2600,368.2892
2019-04,11748.1500,1284.2000,69.6400,89431.6880,370.2022
2019-05,11922.8000,1311.1000,69.6300,91291.8930,372.2211
2019-06,11788.8500,1413.7000,68.9200,97432.2040,374.0702
2019-07,11118.0000,1432.4000,68.8100,98563.4440,375.9327
2019-08,11023.2500,1529.4000,71.4500,109275.6300,377.6926
2019-09,11474.4500,1489.0000,70.6400,105182.9600,379.3566
2019-10,11877.4500,1511.4000,71.0100,107324.5140,381.0315
2019-11,12056.0500,1472.7000,71.7500,105666.2250,382.6101
2019-12,12168.4500,1523.1000,71.3600,108688.4160,384.2319
