Date,Equity,Bonds,Gold
1973-02,,,
1973-03,,,
1973-04,,,
1973-05,,,
1973-06,,,
1973-07,,,
1973-08,,,
1973-09,,,
1973-10,,,
1973-11,,,
1973-12,,,
1974-01,,,
1974-02,,,
1974-03,,,
1974-04,,,
1974-05,,,
1974-06,,,
1974-07,,,
1974-08,,,
1974-09,,,
1974-10,,,
1974-11,,,
1974-12,,,
1975-01,,,
1975-02,,,
1975-03,,,
1975-04,,,
1975-05,,,
1975-06,,,
1975-07,,,
1975-08,,,
1975-09,,,
1975-10,,,
1975-11,,,
1975-12,,,
1976-01,,,
1976-02,,,
1976-03,,,
1976-04,,,
1976-05,,,
1976-06,,,
1976-07,,,
1976-08,,,
1976-09,,,
1976-10,,,
1976-11,,,
1976-12,,,
1977-01,,,
1977-02,,,
1977-03,,,
1977-04,,,
1977-05,,,
1977-06,,,
1977-07,,,
1977-08,,,
1977-09,,,
1977-10,,,
1977-11,,,
1977-12,,,
1978-01,,,
1978-02,,,
1978-03,,,
1978-04,,,
1978-05,,,
1978-06,,,
1978-07,,,
1978-08,,,
1978-09,,,
1978-10,,,
1978-11,,,
1978-12,,,
1979-01,,,
1979-02,,,
1979-03,,,
1979-04,,,
1979-05,,,
1979-06,,,
1979-07,,,
1979-08,,,
1979-09,,,
1979-10,,,
1979-11,,,
1979-12,,,
1980-01,,,
1980-02,,,
1980-03,,,
1980-04,,,
1980-05,,,
1980-06,,,
1980-07,,,
1980-08,,,
1980-09,,,
1980-10,,,
1980-11,,,
1980-12,,,
1981-01,,,
1981-02,,,
1981-03,,,
1981-04,,,
1981-05,,,
1981-06,,,
1981-07,,,
1981-08,,,
1981-09,,,
1981-10,,,
1981-11,,,
1981-12,,,
1982-01,,,
1982-02,,,
1982-03,,,
1982-04,,,
1982-05,,,
1982-06,,,
1982-07,,,
1982-08,,,
1982-09,,,
1982-10,,,
1982-11,,,
1982-12,,,
1983-01,0.25627192748835115,0.10873631289515454,0.5886970394714256
1983-02,0.22929806042887887,0.1063614884054046,0.5393670066826758
1983-03,0.18962405850877664,0.07589152698342537,0.52345327596984
1983-04,0.15989786853359772,0.07296390319312523,0.4719333594544125
1983-05,0.13987364490961104,0.06864944246407258,0.4250770624926229
1983-06,0.07412542493308094,0.051565888642093466,0.5749176041684031
1983-07,0.031024395032105245,0.059683864127186625,0.4338102521265168
1983-08,0.038227995515592,0.08321160122668161,0.30198268735087674
1983-09,-0.04442000303871396,0.1101995102533018,0.23529840443695557
1983-10,-0.08019250030120889,0.11076382847918192,0.33128045330720696
1983-11,-0.06491433147228301,0.12365109370553651,0.2832350915814525
1983-12,-0.053398402358189545,0.14707924880982604,0.2679914556845637
1984-01,-0.06148727826009673,0.16276214901743113,0.24382772251883614
1984-02,0.026110532873667103,0.17807930305240785,0.2394071300991305
1984-03,0.03418531965219407,0.19735534945791605,0.2560681348260537
1984-04,0.02032558279990415,0.22165936850622214,0.24730461699914763
1984-05,0.006814865256331876,0.26076234099647305,0.19051012901681308
1984-06,0.04855859294587067,0.26278550851707166,0.24169673959711738
1984-07,0.08551916282418248,0.26729119466477824,0.254244429910388
1984-08,0.09103339393294287,0.2444684496648457,0.09213978281979827
1984-09,0.09472928034089273,0.2573807463246231,0.06672497084742962
1984-10,0.12640565676718485,0.2602417035870709,0.07147651426533323
1984-11,0.14632243428623706,0.23760374030688047,0.08977698843011846
1984-12,0.1660720284895804,0.2424392812852873,0.10957793036706617
1985-01,0.1451336116144442,0.23179609847481086,-0.026679073225326533
1985-02,0.08899395219549619,0.2316969047103941,-0.04486442728174084
1985-03,0.09659480972861842,0.23831285621712156,-0.03953009636223845
1985-04,0.0880082582789319,0.1914759792550073,0.0027223034212043584
1985-05,0.08662832672951314,0.1492748371542792,0.0736300560378018
1985-06,0.0737151025543759,0.10713085306333234,0.1028915584943082
1985-07,0.025169754056017832,0.06925318943251497,0.12090051201084553
1985-08,0.009541245547393384,0.07956396921738475,0.15523692437712303
1985-09,0.035373948138130704,0.08923332723158917,0.1577075648295817
1985-10,0.013218208937814266,0.07161017566199884,0.17899176444802684
1985-11,-0.018028999708818494,0.05182180575493878,0.1225636677066197
1985-12,-0.04265586982055783,0.017157838048447095,0.11558946807342159
1986-01,-0.00783079570929368,0.01382146921900071,0.0633857640642214
1986-02,-0.034753685129852135,-0.007834683943169121,0.02397745776973083
1986-03,-0.05723030604585383,-0.04777941368416562,0.02835543226690987
1986-04,-0.054256443748863625,-0.03759509574998991,0.021473918657334043
1986-05,-0.05995615553709166,-0.005094960191826536,-0.061641368808504904
1986-06,-0.08494463228358906,0.014150907943961802,-0.09879789108650822
1986-07,-0.0282080569084755,0.02543230177375705,-0.08289842082536744
1986-08,-0.05020179276267761,0.011055594118333928,-0.05571804157851548
1986-09,-0.034994645347981246,0.005723150737872121,-0.06037335808707628
1986-10,-0.01894175358125877,0.025410537425584356,-0.08082582293995566
1986-11,-0.04514864605249985,0.029748796835382174,-0.1369143394841268
1986-12,-0.05288324089387414,0.03163494426304621,-0.1556009054032853
1987-01,-0.0030995380051054566,0.08964027061969859,-0.15261398333812196
1987-02,-0.05085511782761265,0.092322690468023,-0.2239319834129013
1987-03,-0.10099881676749495,0.08453724629607874,-0.18745831553339057
1987-04,-0.1080877330195324,0.10417858070016409,-0.28044764002565115
1987-05,-0.10187702191740727,0.11795036999621107,-0.3109885458504674
1987-06,-0.10873936377120602,0.11449464285258132,-0.34574898856959124
1987-07,-0.14182889024221051,0.10204380171880278,-0.2997251396013223
1987-08,-0.17146456826255446,0.10875474196120595,-0.34714660843302425
1987-09,-0.16679712020653586,0.14103034341393159,-0.355982440576721
1987-10,-0.002165803680761441,0.17448739190351212,-0.40799226247213627
1987-11,0.18812092011867498,0.1950767951174135,-0.39213999186251114
1987-12,0.21211439454651027,0.19762554327733944,-0.36755224461039804
1988-01,0.3069862666855584,0.1636338361623465,-0.30236338047097167
1988-02,0.2461593513510659,0.15280062471015174,-0.36151850206133207
1988-03,0.22510268901429886,0.1653456731098834,-0.4035133377392246
1988-04,0.2532672483754577,0.1890546736813239,-0.35677538803280606
1988-05,0.2791137010390007,0.21446998572988304,-0.32999349165811587
1988-06,0.27376782998952304,0.22110272562321343,-0.37687582796446306
1988-07,0.2754788386890683,0.234299947226081,-0.3876221869433121
1988-08,0.2862722884802713,0.257268699893457,-0.36817311753593374
1988-09,0.30366346131254385,0.2521503165641929,-0.327139620010811
1988-10,0.22005088168306103,0.21754368582915562,-0.2220602124605114
1988-11,0.08201741444896167,0.1834317714048494,-0.019495474411520414
1988-12,0.06189904003160468,0.18541198275706786,-0.008702554901743792
1989-01,0.030853410484061095,0.1830811517152392,0.010496303422123071
1989-02,0.02026807592600141,0.19543168376204145,0.02400281738933066
1989-03,0.042107397297006424,0.21716674167679403,0.0052191866825605365
1989-04,0.041560008053505,0.20990121059436762,0.020795480316005865
1989-05,0.032820925352686076,0.19601207246831145,0.0464456518335873
1989-06,0.04176801723612639,0.18212093166430038,0.044574135228561185
1989-07,0.03455520607444672,0.155287948942968,0.07382006324174249
1989-08,-0.006281261085185258,0.14262477870496892,0.08942798833104541
1989-09,-0.008162607116180692,0.13749441541360266,0.10150785764944759
1989-10,0.004166091230222019,0.13205598293992868,0.10131435351499568
1989-11,0.00943637400605521,0.1107717828373666,0.13226775725908146
1989-12,0.008438739392073707,0.10780985624326506,0.12742579015316893
1990-01,0.06760096957925645,0.12430790643745236,0.07798701641775718
1990-02,0.11461883458229204,0.1316611449298632,0.07793708930211618
1990-03,0.08170867659814203,0.12626774352661094,0.047438034914892166
1990-04,0.06914809238732662,0.1352071707311313,0.0203441329832902
1990-05,0.047809634809567875,0.12781679736587165,0.02397646423360872
1990-06,0.00847251175376773,0.1191361663763788,0.03649955372997715
1990-07,0.0030474750556632735,0.1250867573161786,0.04034571661915948
1990-08,0.08616969479527699,0.13062808639136902,0.01702135912104026
1990-09,0.12437632445277902,0.14599086660612492,0.021074062773107055
1990-10,0.14048546745228738,0.14598942630268108,0.04292100749721306
1990-11,0.1350092926201088,0.13628375646919322,0.049458490931744314
1990-12,0.1292967156071158,0.13461685156581352,0.015230070129037931
1991-01,0.14327416216684993,0.125253703473707,0.03252401567294988
1991-02,0.12443059497992184,0.11354133208697452,-0.0844308766254827
1991-03,0.1296080011264745,0.12237309736852177,-0.11621552230537095
1991-04,0.15114814567741844,0.12466034644694354,-0.11710491159479826
1991-05,0.17221521099759474,0.14208642512531164,-0.1450787575544099
1991-06,0.18937103132363667,0.15440500068310972,-0.16404147556893184
1991-07,0.2749826389913702,0.22389752468630503,-0.32958018271417183
1991-08,0.24975905548956862,0.21003924534955454,-0.2271634124256433
1991-09,0.22912604165333972,0.1810594036369698,-0.14368640264093713
1991-10,0.20454850116936446,0.16076968921593926,-0.11114143652739374
1991-11,0.19865203674494974,0.16315626389869756,-0.11431763865383633
1991-12,0.20291194403340335,0.15917316284550517,-0.11746911551810875
1992-01,0.16748218886957478,0.14211718011914706,-0.14980165890565383
1992-02,0.15811186393344212,0.16074185630105697,-0.11388982931213236
1992-03,0.20335357570927212,0.20134363946715478,-0.19527394591358632
1992-04,0.20366472743986894,0.19810095466843625,-0.18603270206204192
1992-05,0.17921127601147901,0.17718859576406543,-0.14760700267423937
1992-06,0.19356116877326246,0.1746160134555289,-0.101970891590683
1992-07,0.11409566835399956,0.09609670793172698,0.042900955698100034
1992-08,0.10972761010439039,0.08645112489599951,0.061258806474459936
1992-09,0.10643009540113699,0.07637184983580286,0.07992973810357283
1992-10,0.1021725605424742,0.08206745529835102,0.07101292874110238
1992-11,0.06074269303877966,0.08223457155099756,0.027556885089493707
1992-12,0.040898199277059635,0.07920936339838408,0.010497083089003392
1993-01,0.03222857501183335,0.08216727526844761,0.04932884209042685
1993-02,0.05692766249941941,0.08105292764068261,0.0565008900975771
1993-03,0.06273564203681786,0.06299213314049246,0.10220340659237853
1993-04,0.0634480605327052,0.05455446373574714,0.10810590896430014
1993-05,0.04315655880579322,0.05091931064431726,0.06317405051097702
1993-06,0.021924758482557205,0.042130068486951056,0.07665773260254573
1993-07,0.010745583971950745,0.03734571306181124,0.08349148165112553
1993-08,0.00873196040466459,0.028535954336566444,0.08085607275855881
1993-09,-0.013423334697541117,0.015089437671319081,0.04936324507442246
1993-10,-0.019390335702324596,0.007360661588426812,0.07623627525286358
1993-11,-0.009014555872535718,0.020284559654633078,0.05079748995185878
1993-12,-0.0273327037994838,0.02139866999164826,0.052529731904923174
1994-01,-0.020530408854425697,0.029785817165537853,0.08295329554717981
1994-02,-0.03563546917265267,0.029405874428435536,0.07678971063391768
1994-03,-0.05212941385315212,0.031060639578176355,0.05702558252639102
1994-04,-0.048352434804696254,0.049309049385711554,0.011331112186449777
1994-05,-0.05043140502544177,0.06460124185941987,0.011263031231671564
1994-06,-0.04555146782546346,0.06299618524508238,0.007418267908153892
1994-07,-0.04888748075083596,0.07734160767409107,0.012881704054355764
1994-08,-0.04408215716829142,0.07307487932551242,0.005699767921603566
1994-09,-0.03147932607173054,0.07836992423257352,0.061904949821217754
1994-10,-0.034732982833272724,0.09307147719707697,0.05282839864301252
1994-11,-0.027953920130906112,0.10763716943516592,0.05195407834962131
1994-12,-0.004552902137662129,0.10828424675250059,0.052743906146558106
1995-01,-0.000780730221373177,0.08545660319990041,0.028024114321461013
1995-02,0.013905148138414175,0.07145468648538059,0.0020068871772642577
1995-03,0.020556602699998344,0.06341274146382868,0.018420770243059492
1995-04,0.008145380412203279,0.04826553421240198,0.0764586209619107
1995-05,0.015613394827992733,0.03322973901426557,0.06622625319719434
1995-06,0.01808574794445439,0.01331928837279385,0.06236711601345913
1995-07,-0.002239868529212624,0.008523635370707494,0.066327789025555
1995-08,-0.005423322721685331,0.018598984275816938,0.04028261507564899
1995-09,0.003904820062755998,0.022716662400316376,0.042819450140667625
1995-10,0.021586979280445742,0.028559145653532236,0.05894059974796918
1995-11,0.021717298923878303,0.022707547018035484,0.09339702288689224
1995-12,-0.01101959382632725,0.0023261548385371256,0.12795798965568442
1996-01,0.038670627453786285,0.020625359807840138,0.0940825669827765
1996-02,0.017554154989882165,0.023626923121547433,0.041030834550228025
1996-03,0.010765125718203816,0.02913139245855667,-0.012232718141381702
1996-04,0.020099890514770874,0.04598292551184708,-0.04408946707681527
1996-05,0.01067049027238054,0.05905134824796024,-0.06418304208165955
1996-06,-0.00540140424691285,0.07434051501143679,-0.07553127696962987
1996-07,0.051298108833401676,0.09412928554220447,-0.10574572940140632
1996-08,0.05716439111097313,0.08151454975413738,-0.0992239803535918
1996-09,0.04548882077458567,0.08450762414272582,-0.09365832284965962
1996-10,0.03274088562385752,0.061725841951999115,-0.08263101562040763
1996-11,0.02474644058183323,0.04504479823160326,-0.09802155228028327
1996-12,0.020230388919675185,0.054324268288391146,-0.11671869023356059
1997-01,0.03342076295362792,0.057884037763782197,-0.1365494106076176
1997-02,0.04064756597466186,0.057089546135702975,-0.13834449508395358
1997-03,0.03805786887586195,0.07594177029515813,-0.1571637868600898
1997-04,0.0638980254443075,0.09419994962995278,-0.1830519460810875
1997-05,0.04570696392383734,0.07542943075125219,-0.2090277268163862
1997-06,0.05102239177628089,0.061025258946010234,-0.20472339364742786
1997-07,-0.003007989789275578,0.02412418507951493,-0.1761215316571818
1997-08,-0.0019345107910760384,0.03427201191342687,-0.19568174555301782
1997-09,0.0016538370903582122,0.03489689079342226,-0.19789107689001567
1997-10,-0.0034475024822775424,0.034689238312207354,-0.20652506357707334
1997-11,0.011775597833213858,0.04916826110730156,-0.24757202627299463
1997-12,-0.004247094989042549,0.05113940779714214,-0.2756765494063487
1998-01,0.07331472325936304,0.054459811021617406,-0.2660189583849337
1998-02,0.04847368903435059,0.049106499556950664,-0.29520243801264034
1998-03,0.006789405081520095,0.04516101844074326,-0.28107718199601917
1998-04,-0.05386302607475235,0.018813328058744958,-0.23281562289906768
1998-05,-0.017964115317356144,0.0458397797560281,-0.2670784136740565
1998-06,0.002438392625241287,0.06203696356097665,-0.2983397167355478
1998-07,0.0159235315056242,0.06361084841050167,-0.2890232719697229
1998-08,0.060802509572000674,0.07977393251567587,-0.3270954746812077
1998-09,0.12227053876841824,0.0675509844112956,-0.3588818448383517
1998-10,0.12765883906393,0.05718157787011356,-0.3619922443422632
1998-11,0.10629729387697408,0.040857914350904946,-0.39154651211733416
1998-12,0.12068473268324306,0.022788451061374157,-0.33839828043795817
1999-01,0.12939217429245783,0.03403657974040289,-0.30805648311843614
1999-02,0.16404053503164606,0.06365342159903581,-0.3537496922578477
1999-03,0.1647139659714718,0.07278143343256047,-0.37755230799756795
1999-04,0.17207906994236138,0.08063413323842884,-0.37650666419823275
1999-05,0.18453261895711973,0.08932341363449184,-0.39600270951665023
1999-06,0.17842533153050205,0.09594499722208964,-0.4256920312041118
1999-07,0.1790189181318972,0.09497817619533501,-0.4353745748548361
1999-08,0.16838147492927566,0.08960116998669167,-0.39132646681721367
1999-09,0.11524279688806106,0.08474609373352068,-0.3263652113824647
1999-10,0.004485645754823631,0.069062503698158,-0.4464809927849094
1999-11,0.00862593635218481,0.07526238399157976,-0.4693663669620347
1999-12,-0.004424635947014671,0.0859237816969029,-0.4837213911967465
2000-01,0.0705556154789675,0.08392841706836013,-0.4391074864470639
2000-02,0.09129343983456853,0.07816243514690889,-0.4418742179326018
2000-03,0.10573375063478584,0.07159267009356848,-0.46355125943141817
2000-04,0.140555690430537,0.06968448193594576,-0.473588195351463
2000-05,0.14561587299856016,0.08531949445422479,-0.5048143326100965
2000-06,0.15705051330485814,0.06233532023665733,-0.473204996586979
2000-07,0.15757959487412038,0.06564477358083567,-0.4805525613568663
2000-08,0.1517186844558088,0.0559339130430696,-0.46510340278043283
2000-09,0.14219705984457096,0.0541293236951722,-0.46687350446848896
2000-10,0.22129523068699658,0.09995439869108962,-0.39409862453381656
2000-11,0.23924713434138078,0.11094844927234812,-0.38807382941067686
2000-12,0.29142016408290966,0.09959491436455999,-0.3730941309820986
2001-01,0.26733660972197376,0.09853654361431302,-0.26718781966475386
2001-02,0.27564403086911676,0.10605025358540422,-0.24298883803819527
2001-03,0.32439995838662006,0.10915408194791304,-0.24102681307908663
2001-04,0.311800016149127,0.11758691516569272,-0.26655671259321945
2001-05,0.2774994633471218,0.11000602903100427,-0.26839434243796717
2001-06,0.27681744133636965,0.12045221108390204,-0.255769328507982
2001-07,0.2995329718615114,0.12524361341299917,-0.2530674888021898
2001-08,0.3434959062922307,0.11377683344665207,-0.22461122928427607
2001-09,0.38560939683702805,0.11000217947759512,-0.22773980912314423
2001-10,0.3744003045156535,0.09500522476067914,-0.21598715213898728
2001-11,0.34847384906117973,0.08731302861920051,-0.2351214568480971
2001-12,0.29293500974679043,0.0954574360300529,-0.26794978868753394
2002-01,0.227830416293615,0.09807528365120019,-0.19103655390205423
2002-02,0.2296636033795088,0.09051018811174018,-0.17025950741942408
2002-03,0.19616115854471206,0.08538853543464092,-0.18483989742779713
2002-04,0.21585551594052924,0.08324579164671857,-0.16083617693349636
2002-05,0.2248370581092281,0.09526860047387965,-0.14218272452445407
2002-06,0.2566457514970537,0.09132457326440958,-0.10277984641108123
2002-07,0.28769365889130083,0.08379403148294046,-0.09034253777943052
2002-08,0.29117119238336375,0.06735210041564715,-0.09826650373080015
2002-09,0.2741790654829325,0.03849860163869515,-0.05320227760666027
2002-10,0.2666487924741397,0.04467819696082422,-0.07487251663441458
2002-11,0.269312189580318,0.04318419566374635,-0.10297895519077749
2002-12,0.26057975828171376,0.03858571323110494,-0.0644062004530508
2003-01,0.10593620950392921,0.02526391931970172,0.05253188227503215
2003-02,0.11112783388055028,0.02401912852550031,0.0967228159428564
2003-03,0.07437935466255582,0.025419231095056977,0.13378428649875695
2003-04,0.06782817843513178,0.02256287857562557,0.07369776355138696
2003-05,0.07104341725378527,-0.003260808714727975,0.03090079905369511
2003-06,0.06958565818672663,-0.020528030986762022,0.014564656613747173
2003-07,0.0645484187074915,-0.02943504209582111,-0.06673572659673609
2003-08,0.04744607859450334,-0.02635868876308528,-0.08717965028464598
2003-09,0.028026979417904024,-0.04817015036558826,-0.0683590956139364
2003-10,0.05480062634576356,-0.04604488122228821,-0.06414599053519542
2003-11,0.07401058641914043,-0.03105715756959919,-0.05887174946601362
2003-12,0.0664902390608993,-0.04278927090027669,-0.06148996852139711
2004-01,0.0679753796090791,-0.04129809279733919,-0.05347539584837348
2004-02,0.05402777216156844,-0.06416839188297858,-0.05057433547723346
2004-03,0.09192444593198874,-0.0748611969937077,-0.010912880828624336
2004-04,0.08683704265174419,-0.05951427703425431,-0.01630207093687422
2004-05,0.058550262714693754,-0.012506859947102225,-0.044995392603071005
2004-06,0.045895604457790146,-0.005788580151854905,-0.05379570568880586
2004-07,0.07218966300235545,-0.0019873457668765915,0.006904679327183527
2004-08,0.0862604922867305,0.00407728548102998,0.042409804010380414
2004-09,0.09576784570063965,0.00761448085040313,0.048180749880975454
2004-10,0.08801905807862213,0.004252232584418772,0.047418232780595496
2004-11,0.07587133317645349,-0.0003162799707235181,0.02770859037344181
2004-12,0.06683050229549067,0.00347336761582559,0.04052688958930009
2005-01,0.06884796178780109,0.021235574766034618,0.060035638264037995
2005-02,0.07955623088524907,0.014500697180190147,0.0669586280941307
2005-03,0.06619354427496332,0.022954546374939253,0.05129800568164927
2005-04,0.061254129840754595,0.024442781954183437,0.09549747468829983
2005-05,0.07484492761654686,0.00309457060713951,0.17443185642016198
2005-06,0.0945833209336465,0.0031901385833544155,0.17463276034166694
2005-07,0.07769233305183286,0.004252402606837263,0.15158930555021005
2005-08,0.05851001541514041,0.0026960115920198896,0.1574523777314656
2005-09,0.04946849479554383,0.001980733050848685,0.15966382763556414
2005-10,0.049993356087311036,0.022323519301887362,0.13389088587104023
2005-11,0.054562617094157315,0.035350334623491325,0.0994456388581451
2005-12,0.04490144585432229,0.02750211169355575,0.07292964961068917
2006-01,0.07514937100799977,0.016355927175668097,0.10872096594589799
2006-02,0.07465432568548522,0.022962122460464474,0.11234271191423359
2006-03,0.05963697046836498,0.01899018795153437,0.12090946882370823
2006-04,0.04791974357345795,0.006220339644943437,0.1050636280994407
2006-05,0.05432792522437889,0.004449335836662002,0.11995342446829414
2006-06,-0.02921207804111023,0.012256867231607266,0.04906918776269331
2006-07,0.003076072690603948,0.0010279201307779318,0.058880961671916934
2006-08,0.02153176581815955,-0.010931604938080638,0.03106439156779363
2006-09,-0.005366519069631509,-0.0027755240624960653,-0.00015667357723819775
2006-10,-0.019254016469148844,-0.01752593601955131,0.01854591815105735
2006-11,-0.02434626871090001,-0.027565703555018084,0.05559862350233031
2006-12,-0.04298588147760357,-0.01501204847762054,0.05478596752122025
2007-01,-0.050747841143599676,0.006905702915144765,0.05564079946851374
2007-02,-0.052149948301544596,-0.008124216433214496,0.06975278625431751
2007-03,-0.05006704179917007,-0.010749151096619391,0.0950527232682008
2007-04,-0.045428582202495904,-0.001264515881456707,0.1320676356186117
2007-05,-0.03882457122434094,0.0022820369394417755,0.16025832617345867
2007-06,0.015575849447287127,0.0022298842947042624,0.17861092160484615
2007-07,0.02733829582698105,0.00502100711340589,0.20451084179559798
2007-08,0.04829422143949973,0.00697681753449092,0.21619546023886343
2007-09,0.08254948825597364,-0.0008606620702621137,0.22538520383586189
2007-10,0.08852581488299935,-0.006804904253723779,0.23306776794016762
2007-11,0.10457698501804011,-0.004810253113395016,0.23376501445499054
2007-12,0.10136188196196397,-0.012502653902403613,0.23249961479654882
2008-01,0.11799012730980162,-0.03204504473689951,0.27384565038953224
2008-02,0.11129041278232055,-0.030849797638514573,0.26601225641501336
2008-03,0.13155246233114457,-0.04373231329409211,0.28551884182647724
2008-04,0.0935892649442203,-0.038230456244281064,0.19530547349663074
2008-05,0.09633675309652921,-0.02393682419235668,0.10142813616126123
2008-06,0.09221827221559163,-0.02269094449323454,0.11507429330220499
2008-07,0.09624503301095101,-0.018131945085664583,0.14641643160794868
2008-08,0.04577007264874411,-0.020924880281209715,0.10520710435225446
2008-09,0.061022720380579765,0.0022002158901917035,0.06157407306192842
2008-10,0.08413458607723748,0.024156206057302593,0.014259551144660307
2008-11,0.0702535092504746,0.028896266147634492,0.0542094457416285
2008-12,0.140441269665165,-0.01919876410846076,-0.02137581138529493
2009-01,0.16598659451780845,0.0003217426276773544,-0.0842086948079901
2009-02,0.1356964500529785,0.008856297082657782,-0.10248093511087918
2009-03,0.11752729223882767,-0.010450418201092548,-0.08596731786009852
2009-04,0.14679034530706492,-0.014448147998154609,-0.1578075354729761
2009-05,0.17580577554500826,-0.014384836771618337,-0.1588159298028492
2009-06,0.17568131680977084,-0.009624243266715973,-0.18588690089149296
2009-07,0.14082532897582545,-0.0038974608711300346,-0.20077535636273203
2009-08,0.19992314554727045,-0.011167554982938449,-0.2171147058899897
2009-09,0.20388137953279606,-0.02249443232023199,-0.19142987667263345
2009-10,0.16018035582273796,-0.0635455384248442,-0.06928150406892704
2009-11,0.16028812901111886,-0.08946527318009215,-0.0387866583079044
2009-12,0.08933264270616592,-0.06043518212910512,0.07835566675472638
2010-01,0.07214424378223658,-0.056630791727202104,0.08935807788031684
2010-02,0.0604612893912482,-0.056596796839484695,0.1382862840394262
2010-03,0.05631352152788306,-0.07906102529395258,0.15331087795778614
2010-04,0.07010029319975711,-0.05643948312262449,0.17383769245886646
2010-05,0.0948921290169833,-0.046250440663189216,0.16399006718067338
2010-06,0.08211361906878294,-0.04158861327333867,0.2143436844204738
2010-07,0.08128433049371589,-0.0445008214692572,0.2295045771408326
2010-08,0.08567224736111662,-0.04983426370785858,0.247426821662099
2010-09,0.08700530073038579,-0.049646094335971266,0.23914739902967758
2010-10,0.08016239678315223,-0.05293485674231478,0.22020187847511202
2010-11,0.08044878790775556,-0.04165153585358926,0.18801105119870898
2010-12,0.08264799189780124,-0.03535229591141635,0.11712128663458224
2011-01,0.09177698368183054,-0.02243029188265626,0.1707398155901694
2011-02,0.10159558130302991,-0.026947708797238415,0.15116319185686328
2011-03,0.11694081843120688,-0.017174946978949945,0.1553622174296695
2011-04,0.1131095236787014,-0.008165157514198315,0.15405261154640326
2011-05,0.10911639575311216,-0.018171529047876472,0.17873412721147142
2011-06,0.10539727296711848,-0.027352735445129908,0.21045705878723575
2011-07,0.1237157259879876,-0.03656630845692349,0.21707329182364787
2011-08,0.14562042806176856,-0.059067338953484955,0.2053778879395163
2011-09,0.17080998408322487,-0.058065948153533053,0.18836649835293862
2011-10,0.15735933978781785,-0.04167506206366975,0.12125799216769115
2011-11,0.16183462912996752,-0.06289888511900854,0.13704046239541243
2011-12,0.11560714481593067,-0.06717508393704205,0.15548055238511135
2012-01,0.11262871415214488,-0.05117422692846545,0.17397566478570842
2012-02,0.09139719095156788,-0.060689347518782785,0.1976718089266268
2012-03,0.09097079006816099,-0.0464515881307503,0.14493742383010152
2012-04,0.09084144152926316,-0.04377094269303901,0.1330912187892043
2012-05,0.10033295519840074,-0.04618207334422837,0.1259640739255234
2012-06,0.11927085795986422,-0.047565062412043294,0.1137131899639631
2012-07,0.11690698153507126,-0.045775193544850976,0.11820022249856567
2012-08,0.11011636334402217,-0.03466348056077159,0.19050190706742273
2012-09,0.0711338190771519,-0.04204877095298597,0.2356853228306648
2012-10,0.06106511053568649,-0.045979250850710876,0.2986842802618085
2012-11,0.07297230484695891,-0.03742952465268497,0.31638846314985386
2012-12,0.08043137751974302,-0.04449734282992403,0.3332660208615389
2013-01,0.08658093018512772,-0.015352090174440156,0.27605506587347095
2013-02,0.09896655267414226,-0.0019484565111052704,0.2639191081087439
2013-03,0.09467498492718103,-0.005405253293325321,0.27842250816478153
2013-04,0.0831811195642157,-0.010819718309846904,0.2764423908837139
2013-05,0.0664790753767186,-0.013036119163684773,0.2764408038461811
2013-06,0.06351354758241515,0.0013900073507745053,0.2384013270637805
2013-07,0.05528757948999191,0.01250658963820736,0.20670799522248592
2013-08,0.051998370053431955,0.02330871266378577,0.17196025023473088
2013-09,0.0960606203724407,0.04875960385414293,0.1550925224138138
2013-10,0.1105372211599109,0.05051192797834248,0.14249805267693277
2013-11,0.10586869265550788,0.04320389439829761,0.13290232954602876
2013-12,0.09850273275596941,0.04695026695377861,0.1279309154689874
2014-01,0.1245750721954912,0.03798872021568909,0.02287764740019093
2014-02,0.12139141287862192,0.0338862750539563,0.012245643299043096
2014-03,0.11197229496572948,0.03616834436653856,0.028218317854424822
2014-04,0.11674060717359383,0.033453119070459884,0.054848286853931186
2014-05,0.1144964827021005,0.024194612516806456,0.0945505573369504
2014-06,0.08763634242803425,0.008085176355916046,0.15468716946426164
2014-07,0.07741983776627771,0.0015133719037142834,0.1992052506324584
2014-08,0.06600185865024355,0.0015328063803781017,0.248627950147927
2014-09,0.05030970177639679,0.0027747022851963288,0.24209040848126762
2014-10,0.07502050843213318,0.001426761294706938,0.23093610403033346
2014-11,0.06767219259715485,-0.0023485559090433566,0.225145913849842
2014-12,0.07658183012085631,-0.0067820126498186195,0.22993891372614728
2015-01,0.09467040503963711,-0.01312157394132761,0.213559868260567
2015-02,0.09717944624304449,-0.000589743637906287,0.19941872824863394
2015-03,0.10129368855113036,0.004639251165064057,0.179637004283701
2015-04,0.10201306011084084,-0.008582278130364884,0.17922788577488574
2015-05,0.11921625609332583,0.006326383467576233,0.12822312066118763
2015-06,0.11633133419187784,0.01727948239291735,0.1341153894610938
2015-07,0.1104491862107019,0.018499292424690672,0.13944992313870444
2015-08,0.1293045917324076,0.02005657079770766,0.13844880926975556
2015-09,0.14450311662223436,0.023127204126742573,0.16211017905432734
2015-10,0.1370399422582932,0.016090863881698794,0.16439098697059318
2015-11,0.12894294915606364,0.019763108427063372,0.1331873152294514
2015-12,0.13874135353077827,0.024149850013099744,0.14578102171255483
2016-01,0.14336582566406583,0.032327349102637556,0.15215354713376175
2016-02,0.13301736391796895,0.02388724990131614,0.12278037450838655
2016-03,0.1312206085953046,0.017716107238155213,0.1277181017496128
2016-04,0.14031875494928062,0.014467094655519944,0.11891665298884829
2016-05,0.11690177056469754,-0.003201121480516614,0.1570334654360614
2016-06,0.11272278600382031,-0.015206348659047422,0.16711815721920464
2016-07,0.12205956876032889,-0.026949827649730765,0.17714313576149723
2016-08,0.12127141007132171,-0.029135015361968428,0.1833434593799888
2016-09,0.10598518381692883,-0.035282203963944964,0.18695645853387782
2016-10,0.09310387612081847,-0.02682040745169184,0.16073947759057378
2016-11,0.10733015194804651,-0.01721620633799449,0.15950424680629077
2016-12,0.09836380195902368,-0.010258681628518493,0.09207564357632139
2017-01,0.08935272432605582,-0.009531715561099038,0.0734815031765765
2017-02,0.10383570886237191,0.009120900688611044,0.09869894650446412
2017-03,0.10088865171565528,0.030681281731642113,0.10062920367056899
2017-04,0.10130103731219178,0.02616640319266316,0.11618406234871176
2017-05,0.09481679087359628,0.023081899008063615,0.11062974498178693
2017-06,0.09766817667270347,0.02367919025779068,0.11053833495867738
2017-07,0.09472049713340958,0.03389846246461086,0.11662286642787213
2017-08,0.09019048185386175,0.030709689229750578,0.12108367587869867
2017-09,0.08602242066719129,0.023093677118068458,0.11432231133556015
2017-10,0.09271158084624682,0.022600360092146887,0.10042403110522954
2017-11,0.06971902270044968,0.0068889148357928615,0.1449947586828636
2017-12,0.06338880725432841,-0.0025156982140460277,0.20973628244573678
2018-01,0.06862007610751517,0.003488175279389494,0.17639680241751024
2018-02,0.079707259505083,0.022787837543478684,0.16347589033721696
2018-03,0.08416124342473708,0.025103372832668232,0.15266915126919223
2018-04,0.09190408048796096,0.03009162796698514,0.14657511056446326
2018-05,0.11191192467149955,0.03579265497619226,0.10692781368281543
2018-06,0.11384474620197978,0.036857267663344635,0.09502920387278878
2018-07,0.1182895979776249,0.032627843814676254,0.07542212634974424
2018-08,0.1269610752116831,0.040286199635760654,0.048095642323308985
2018-09,0.13243367263529549,0.04774473787547551,0.026927960769967785
2018-10,0.12705821901493516,0.053600651565252524,0.05812534272112753
2018-11,0.11710747400453195,0.05703340843396168,0.09245758624605781
2018-12,0.13852733447395665,0.0567621579705117,0.1126511861143043
2019-01,0.157971293039488,0.058761584083320856,0.10764827858371001
2019-02,0.14650017600359477,0.042956443473439056,0.10657833400965566
2019-03,0.14248861074931374,0.03302926638383665,0.1199408406368573
2019-04,0.13635632271360715,0.02404949921617329,0.11150848733071275
2019-05,0.12103719376595194,0.01783115891160949,0.16089800552572153
2019-06,0.1185900763011328,0.004949915587928108,0.15426476662088695
2019-07,0.11457822250024992,-0.0008459956461513568,0.17749953586511288
2019-08,0.14223144372297555,-0.012246718507573875,0.18656203262772125
2019-09,0.11981670805448985,-0.021765821913032016,0.21748918972982667
2019-10,0.09505860115976605,-0.03137871829262209,0.23089460520497643
2019-11,0.10121068533054758,-0.04050480428922809,0.17473184267283892
2019-12,0.10410666578580208,-0.041827557804962584,0.13486691445918875
2020-01,0.10650090395931015,-0.04106231675467184,0.11824957828120279
2020-02,0.10767829451543943,-0.03693529156244722,0.13352865929369231
2020-03,0.1969260508576393,-0.031219117594288623,0.18551953962939932
2020-04,0.2020167021606003,-0.04419826692892506,0.17513214381865738
2020-05,0.20020553322805085,-0.05242023031889878,0.16235513254474
2020-06,0.22639555427130625,-0.04813235490984902,0.112560652244094
2020-07,0.20776624821173767,-0.05662196101863634,0.11288183856111098
2020-08,0.19257496285489586,-0.05737779669275889,0.1129312268437525
2020-09,0.16686041607493624,-0.053356691236083664,0.12713907481450604
2020-10,0.16181121820237515,-0.056787391080388605,0.1152626402151872
2020-11,0.1519045504317858,-0.05809330252168765,0.10979932720233017
2020-12,0.15119333501539012,-0.05548604092542178,0.09292799172041726
2021-01,0.15685593119188784,-0.024322767837080664,0.08796211529364133
2021-02,0.14614517102416388,-0.015127810316847207,0.05773228451121258
2021-03,0.06521373986907589,-0.03627396337229763,0.020436239352045145
2021-04,0.06703652391857533,-0.026832106938366906,0.01834016076358501
2021-05,0.059623623326675645,-0.018321947944734115,0.0336579886208124
2021-06,0.07176874919801404,-0.004513137155904401,0.023270058949332276
2021-07,0.09491852015646221,0.004663713975674791,0.000994134289535764
2021-08,0.10928022041482348,0.01795501664923701,0.015364114763502364
2021-09,0.1049466170743058,0.01584883841020847,0.016746247339775082
2021-10,0.09468432814583927,0.017956689083681622,0.013304990699757213
2021-11,0.08693305976611523,0.013428848185315118,0.019972057492468054
2021-12,0.09714458844058131,0.018259607967582622,0.010182598489400133
2022-01,0.09909132258928832,0.03019886950496492,0.016446828448601965
2022-02,0.09635505049076787,0.030359399372482866,0.04520065634712675
2022-03,0.08980180614915326,0.024820960401845046,0.08338530448304149
2022-04,0.09000334671309214,0.0551542523225475,0.04853342636258487
2022-05,0.11036851313437757,0.07184978517918585,0.041868477349043004
2022-06,0.1123443775628091,0.0805338127904001,0.05144974493969143
2022-07,0.12896379764866972,0.08573231850168117,0.018380830586118377
2022-08,0.1503251716906354,0.08887483064368479,-0.010728037809728835
2022-09,0.1537293664993813,0.10950140296221611,-0.041178785699087284
2022-10,0.13310362181086693,0.12008084441173611,-0.038370100046354425
2022-11,0.12984794161513147,0.11849309540525206,-0.04899107869928328
2022-12,0.17013640710917774,0.12157411799600862,-0.06861559375786803
2023-01,0.17038369463252048,0.10760537115345623,-0.0904519194988025
2023-02,0.15567352628195194,0.10406265967701495,-0.111341369622824
2023-03,0.14990629618005388,0.09944557288813506,-0.0768914678625046
2023-04,0.13218590856170684,0.07708815631586205,-0.04696947031129631
2023-05,0.1308484604111738,0.06763383154077339,-0.04426932397307563
2023-06,0.11879590069290288,0.059042106213035406,-0.06647727420382989
2023-07,0.12459787226198758,0.05299321943423098,-0.03401412492976075
2023-08,0.1094042022332868,0.07286688253725604,-0.03856405600753704
2023-09,0.0812842221915067,0.057103797102123946,0.006597700941040688
2023-10,0.0533773129392803,0.06216361653081864,0.04495248658797023
2023-11,0.08294914004538445,0.0652043030397316,0.022893228811404633
2023-12,0.12484494877608793,0.05797078514110319,-0.006421519421426006
2024-01,0.15674227492115525,0.0663112123639609,-0.018093575364794334
2024-02,0.14311454590472028,0.05998577705184399,0.0024763865764986237
2024-03,0.1125750569978212,0.0406955396173828,-0.017749298897207888
2024-04,0.08655154093913811,0.050201274212731975,-0.02443600640368182
2024-05,0.09077338038410804,0.046414379361817894,-0.023549980861735514
2024-06,0.1039439067410333,0.04077105900065188,-0.013238503425066966
2024-07,0.12158813949033552,0.04138375691249915,-0.01032612337797044
2024-08,0.13522912234137413,0.028669952203817524,0.012338234236293912
2024-09,0.13020144014166776,0.01871696259913006,0.03488214177005571
2024-10,0.10458010908422805,0.005145363387695487,0.025566196408380253
2024-11,0.08388899706669292,0.013831728576701438,0.006034151848757233
2024-12,0.06340129401189565,0.02007524012028418,0.022118282307744284
2025-01,0.08622557299005362,0.028814675070574475,0.030189927411376154
2025-02,0.09917217597633347,0.025184460827422227,0.043421786272352325
2025-03,0.10698403734106482,0.038129308582096795,0.07350664285161182
2025-04,0.0931703783672249,0.04451890642165672,0.11060800448978551
2025-05,0.11208416333410347,0.0374992525061565,0.10109901801689651
2025-06,0.13443959542564457,0.03718591491904234,0.10634430947400593
2025-07,0.14602594032169372,0.03853811330889887,0.08102971436095749
2025-08,0.1402849181527973,0.0345761938426633,0.07096153980798775
2025-09,0.13457318186845282,0.02531047441861456,0.0607072031574292
2025-10,0.09500856213525741,0.015112014941627137,0.08404449592533929
2025-11,0.08229243366900596,0.014538360132242446,0.11709558095783795
2025-12,0.0914223243012838,0.006548524808568129,0.13127813780584793
2026-01,0.0765069366827992,-0.007690011908208269,0.19319870362432412
2026-02,0.07132722450567419,-0.0032556471295475675,0.20401833627041877
2026-03,0.047143943591509654,-0.00341618405425112,0.1364120494615495
2026-04,0.03781893557824184,-0.006877476956036729,0.05549774139019068
2026-05,0.02957864435953976,0.001714994432131453,0.012115318116454929
2026-06,-0.002362983658046991,0.010528720380247256,-0.029612706808019876
2026-07,-0.01787414922441402,0.019302850264559232,-0.04243970898694695
